{
  "uuid": "e68bff17-1579-3c4b-9e35-1983d416c94b",
  "starterPrompted": true,
  "starterLocked": false,
  "starterSelected": true,
  "starterUUID": "de54baa6-da79-4c19-b405-30fbedd19da7",
  "keyItems": [],
  "battleTheme": "cobblemon:battle.pvp.default",
  "extraData": {},
  "advancementData": {
    "totalCaptureCount": 0,
    "totalEggsHatched": 0,
    "totalEvolvedCount": 1,
    "totalBattleVictoryCount": 13,
    "totalPvPBattleVictoryCount": 0,
    "totalPvWBattleVictoryCount": 13,
    "totalPvNBattleVictoryCount": 0,
    "totalShinyCaptureCount": 0,
    "totalTradedCount": 0,
    "totalTypeCaptureCounts": {},
    "totalDefeatedCounts": {
      "cobblemon:zigzagoon": 2,
      "cobblemon:lechonk": 1,
      "cobblemon:patrat": 3,
      "cobblemon:bunnelby": 3,
      "cobblemon:geodude": 2,
      "cobblemon:poochyena": 1,
      "cobblemon:krabby": 1
    },
    "aspectsCollected": {}
  }
}