{"stats":{"minecraft:used":{"minecraft:acacia_log":4,"minecraft:iron_pickaxe":5,"minecraft:iron_sword":27,"minecraft:sniffer_egg":1,"minecraft:stone_axe":9,"minecraft:rotten_flesh":1,"minecraft:cobblestone":4,"minecraft:mutton":2,"minecraft:porkchop":3},"minecraft:killed":{"minecraft:sheep":1,"minecraft:wolf":1,"minecraft:zombie":2,"minecraft:pig":1},"minecraft:custom":{"minecraft:time_since_rest":1061,"minecraft:sprint_one_cm":114215,"minecraft:damage_taken":3165,"minecraft:walk_one_cm":63199,"minecraft:mob_kills":5,"minecraft:damage_dealt":902,"minecraft:player_kills":1,"minecraft:swim_one_cm":63925,"minecraft:interact_with_crafting_table":3,"minecraft:fly_one_cm":120771,"minecraft:open_chest":5,"minecraft:crouch_one_cm":120,"minecraft:play_time":32211,"minecraft:deaths":11,"minecraft:sneak_time":381,"minecraft:walk_under_water_one_cm":3902,"minecraft:jump":654,"minecraft:leave_game":3,"minecraft:time_since_death":1015,"minecraft:walk_on_water_one_cm":4374,"minecraft:total_world_time":32211,"minecraft:fall_one_cm":16149},"minecraft:killed_by":{"minecraft:player":6,"minecraft:spider":2,"minecraft:zombie":2},"minecraft:mined":{"minecraft:kelp_plant":1,"minecraft:short_grass":18,"minecraft:acacia_log":5,"minecraft:grass_block":4,"minecraft:oak_log":5,"minecraft:copper_ore":1,"minecraft:tall_grass":2,"minecraft:cobblestone":1,"minecraft:stone":3},"minecraft:crafted":{"minecraft:iron_pickaxe":1,"minecraft:iron_sword":1,"minecraft:acacia_planks":4},"minecraft:picked_up":{"minecraft:stick":3,"minecraft:wooden_pickaxe":1,"minecraft:acacia_log":52,"minecraft:porkchop":3,"minecraft:oak_log":5,"minecraft:dirt":3,"minecraft:raw_copper":4,"minecraft:sniffer_egg":2,"minecraft:bone":2,"minecraft:acacia_planks":16,"minecraft:rotten_flesh":3,"minecraft:kelp":8,"minecraft:stone_axe":2,"minecraft:wheat_seeds":2,"minecraft:oak_sapling":1,"minecraft:mutton":2,"minecraft:acacia_sapling":1,"minecraft:white_wool":1,"minecraft:cobblestone":5}},"DataVersion":3953}