{"stats":{"minecraft:used":{"minecraft:wooden_pickaxe":29,"minecraft:dirt":3,"minecraft:cobblestone":4,"minecraft:crafting_table":1,"minecraft:oak_sapling":2,"minecraft:andesite":9,"minecraft:acacia_sapling":1},"minecraft:custom":{"minecraft:time_since_rest":5680,"minecraft:sprint_one_cm":33118,"minecraft:damage_taken":730,"minecraft:walk_one_cm":21533,"minecraft:damage_dealt":286,"minecraft:swim_one_cm":5167,"minecraft:interact_with_crafting_table":1,"minecraft:fly_one_cm":47968,"minecraft:player_kills":1,"minecraft:crouch_one_cm":620,"minecraft:play_time":15451,"minecraft:deaths":2,"minecraft:sneak_time":1414,"minecraft:walk_under_water_one_cm":93,"minecraft:jump":268,"minecraft:leave_game":1,"minecraft:time_since_death":5608,"minecraft:walk_on_water_one_cm":121,"minecraft:total_world_time":15451,"minecraft:fall_one_cm":10359},"minecraft:killed_by":{"minecraft:player":1},"minecraft:mined":{"minecraft:acacia_leaves":3,"minecraft:andesite":9,"minecraft:short_grass":1,"minecraft:acacia_log":8,"minecraft:grass_block":1,"minecraft:sand":3,"minecraft:dirt":2,"minecraft:stone":13},"minecraft:crafted":{"minecraft:crafting_table":1,"minecraft:stick":4,"minecraft:wooden_pickaxe":1,"minecraft:acacia_planks":24},"minecraft:picked_up":{"minecraft:crafting_table":1,"minecraft:raw_iron":2,"minecraft:andesite":9,"minecraft:acacia_log":7,"minecraft:sand":3,"minecraft:dirt":19,"minecraft:wheat_seeds":1,"minecraft:oak_sapling":2,"minecraft:acacia_sapling":1,"minecraft:coal":16,"minecraft:cobblestone":29}},"DataVersion":3953}