{"stats":{"minecraft:custom":{"minecraft:jump":55,"minecraft:time_since_rest":6441,"minecraft:damage_taken":70,"minecraft:leave_game":3,"minecraft:sprint_one_cm":14885,"minecraft:play_time":6441,"minecraft:time_since_death":6441,"minecraft:walk_on_water_one_cm":130,"minecraft:walk_one_cm":3524,"minecraft:sneak_time":83,"minecraft:total_world_time":6441,"minecraft:walk_under_water_one_cm":114,"minecraft:swim_one_cm":6966,"minecraft:fall_one_cm":2074,"minecraft:fly_one_cm":8194}},"DataVersion":3953}