{"stats":{"minecraft:used":{"minecraft:stone_axe":71},"minecraft:killed":{"minecraft:zombie":1},"minecraft:custom":{"minecraft:open_chest":1,"minecraft:time_since_rest":7227,"minecraft:crouch_one_cm":86,"minecraft:play_time":10427,"minecraft:sprint_one_cm":47346,"minecraft:walk_one_cm":20306,"minecraft:damage_taken":598,"minecraft:deaths":2,"minecraft:sneak_time":6,"minecraft:walk_under_water_one_cm":3798,"minecraft:mob_kills":1,"minecraft:jump":166,"minecraft:damage_dealt":204,"minecraft:leave_game":1,"minecraft:time_since_death":7179,"minecraft:walk_on_water_one_cm":1674,"minecraft:total_world_time":10427,"minecraft:swim_one_cm":22404,"minecraft:player_kills":1,"minecraft:interact_with_crafting_table":1,"minecraft:fall_one_cm":1330,"minecraft:fly_one_cm":28308,"minecraft:horse_one_cm":70},"minecraft:killed_by":{"minecraft:player":2},"minecraft:mined":{"minecraft:short_grass":2,"minecraft:acacia_log":3,"minecraft:oak_log":57,"minecraft:oak_leaves":7},"minecraft:crafted":{"minecraft:acacia_planks":16},"minecraft:picked_up":{"minecraft:stick":1,"minecraft:sniffer_egg":2,"minecraft:rotten_flesh":3,"minecraft:acacia_planks":38,"minecraft:andesite":35,"minecraft:stone_axe":2,"minecraft:wheat_seeds":1,"minecraft:acacia_log":50,"minecraft:wooden_pickaxe":3,"minecraft:cooked_chicken":60,"minecraft:granite":16,"minecraft:stone_pickaxe":2,"minecraft:oak_log":57,"minecraft:acacia_sapling":3,"minecraft:dirt":4,"minecraft:cobblestone":31}},"DataVersion":3953}