{"stats":{"minecraft:crafted":{"minecraft:wooden_sword":1,"minecraft:acacia_planks":16,"minecraft:stick":4,"minecraft:wooden_pickaxe":1},"minecraft:used":{"minecraft:wooden_sword":1,"minecraft:crafting_table":1,"minecraft:wooden_pickaxe":3},"minecraft:killed":{"minecraft:tropical_fish":1},"minecraft:mined":{"minecraft:short_grass":8,"minecraft:acacia_log":7,"minecraft:coal_ore":1,"minecraft:acacia_leaves":3,"minecraft:stone":1,"minecraft:crafting_table":2},"minecraft:custom":{"minecraft:time_since_rest":16680,"minecraft:crouch_one_cm":93,"minecraft:play_time":16680,"minecraft:sprint_one_cm":16758,"minecraft:damage_taken":160,"minecraft:walk_one_cm":70115,"minecraft:sneak_time":265,"minecraft:walk_under_water_one_cm":6794,"minecraft:mob_kills":1,"minecraft:jump":246,"minecraft:damage_dealt":54,"minecraft:time_since_death":16680,"minecraft:walk_on_water_one_cm":9792,"minecraft:total_world_time":16680,"minecraft:interact_with_crafting_table":1,"minecraft:swim_one_cm":51257,"minecraft:fall_one_cm":4598,"minecraft:fly_one_cm":21639},"minecraft:picked_up":{"minecraft:stick":3,"minecraft:crafting_table":2,"minecraft:tropical_fish":1,"minecraft:wheat_seeds":1,"minecraft:acacia_log":7,"minecraft:coal":1,"minecraft:cobblestone":1}},"DataVersion":3953}