{"stats":{"minecraft:crafted":{"minecraft:wooden_sword":1,"minecraft:oak_planks":24,"minecraft:crafting_table":1,"minecraft:stick":8,"minecraft:wooden_pickaxe":1,"minecraft:wooden_axe":1},"minecraft:used":{"minecraft:wooden_axe":15,"minecraft:crafting_table":2,"minecraft:wooden_pickaxe":15},"minecraft:mined":{"minecraft:short_grass":2,"minecraft:acacia_log":9,"minecraft:oak_log":6,"minecraft:acacia_leaves":1,"minecraft:stone":15,"minecraft:crafting_table":1},"minecraft:custom":{"minecraft:time_since_rest":8732,"minecraft:crouch_one_cm":156,"minecraft:play_time":8732,"minecraft:sprint_one_cm":12638,"minecraft:walk_one_cm":6793,"minecraft:sneak_time":162,"minecraft:jump":78,"minecraft:damage_dealt":10,"minecraft:leave_game":2,"minecraft:time_since_death":8732,"minecraft:total_world_time":8732,"minecraft:fall_one_cm":1314,"minecraft:interact_with_crafting_table":2,"minecraft:fly_one_cm":14795},"minecraft:picked_up":{"minecraft:stick":3,"minecraft:crafting_table":1,"minecraft:acacia_log":9,"minecraft:oak_log":6,"minecraft:cobblestone":15}},"DataVersion":3953}