{"stats":{"minecraft:custom":{"minecraft:jump":352,"minecraft:damage_dealt":71,"minecraft:time_since_rest":5420,"minecraft:deaths":1,"minecraft:walk_on_water_one_cm":835,"minecraft:play_time":10842,"minecraft:leave_game":2,"minecraft:sprint_one_cm":33116,"minecraft:damage_taken":416,"minecraft:time_since_death":5374,"minecraft:walk_one_cm":16524,"minecraft:sneak_time":74,"minecraft:total_world_time":10842,"minecraft:walk_under_water_one_cm":2619,"minecraft:swim_one_cm":14919,"minecraft:fall_one_cm":11876,"minecraft:fly_one_cm":65079,"minecraft:player_kills":1},"minecraft:killed_by":{"minecraft:player":1},"minecraft:mined":{"minecraft:short_grass":21},"minecraft:picked_up":{"minecraft:oak_log":5,"minecraft:wheat_seeds":1,"minecraft:acacia_sapling":1}},"DataVersion":3953}