{"stats":{"minecraft:crafted":{"minecraft:oak_planks":80,"minecraft:cooked_porkchop":1,"minecraft:crafting_table":1,"minecraft:stick":8,"minecraft:wooden_pickaxe":1,"minecraft:stone_pickaxe":1,"minecraft:wooden_axe":1,"minecraft:furnace":1,"minecraft:cooked_mutton":1},"minecraft:used":{"minecraft:wooden_axe":31,"minecraft:stone_pickaxe":9,"minecraft:oak_planks":1,"minecraft:wooden_pickaxe":11,"minecraft:white_wool":1,"minecraft:dirt":5,"minecraft:crafting_table":2,"minecraft:furnace":1,"minecraft:cooked_porkchop":1},"minecraft:killed":{"minecraft:sheep":2,"minecraft:pig":1},"minecraft:mined":{"minecraft:acacia_leaves":1,"minecraft:furnace":1,"minecraft:crafting_table":2,"minecraft:short_grass":2,"minecraft:grass_block":5,"minecraft:oak_log":27,"minecraft:tall_grass":1,"minecraft:stone":19,"minecraft:white_wool":1,"minecraft:oak_leaves":1},"minecraft:custom":{"minecraft:time_since_rest":13379,"minecraft:sprint_one_cm":15339,"minecraft:interact_with_furnace":4,"minecraft:damage_taken":185,"minecraft:walk_one_cm":46795,"minecraft:mob_kills":3,"minecraft:damage_dealt":419,"minecraft:interact_with_crafting_table":3,"minecraft:swim_one_cm":7418,"minecraft:fly_one_cm":16089,"minecraft:crouch_one_cm":1884,"minecraft:play_time":13379,"minecraft:sneak_time":1101,"minecraft:walk_under_water_one_cm":1656,"minecraft:jump":172,"minecraft:leave_game":1,"minecraft:walk_on_water_one_cm":3158,"minecraft:time_since_death":13379,"minecraft:total_world_time":13379,"minecraft:fall_one_cm":1833,"minecraft:horse_one_cm":105},"minecraft:picked_up":{"minecraft:crafting_table":2,"minecraft:brown_wool":1,"minecraft:porkchop":1,"minecraft:oak_log":26,"minecraft:dirt":5,"minecraft:oak_sapling":1,"minecraft:mutton":2,"minecraft:furnace":1,"minecraft:white_wool":2,"minecraft:cobblestone":19}},"DataVersion":3953}