{"stats":{"minecraft:used":{"minecraft:stone_pickaxe":104,"minecraft:oak_planks":4,"minecraft:wooden_pickaxe":12,"minecraft:stone_axe":21,"minecraft:torch":4,"minecraft:crafting_table":3,"minecraft:furnace":1},"minecraft:custom":{"minecraft:time_since_rest":6333,"minecraft:interact_with_furnace":3,"minecraft:sprint_one_cm":27766,"minecraft:damage_taken":275,"minecraft:walk_one_cm":24836,"minecraft:mob_kills":1,"minecraft:drop":1,"minecraft:damage_dealt":133,"minecraft:swim_one_cm":11968,"minecraft:interact_with_crafting_table":10,"minecraft:fly_one_cm":28026,"minecraft:play_time":13746,"minecraft:deaths":1,"minecraft:walk_under_water_one_cm":5991,"minecraft:jump":221,"minecraft:leave_game":1,"minecraft:time_since_death":6254,"minecraft:walk_on_water_one_cm":10037,"minecraft:total_world_time":13746,"minecraft:fall_one_cm":3178},"minecraft:killed_by":{"minecraft:wolf":1},"minecraft:mined":{"minecraft:kelp_plant":11,"minecraft:iron_ore":3,"minecraft:andesite":35,"minecraft:granite":16,"minecraft:short_grass":1,"minecraft:acacia_log":4,"minecraft:coal_ore":2,"minecraft:oak_log":22,"minecraft:dirt":4,"minecraft:stone":44,"minecraft:oak_planks":1,"minecraft:sugar_cane":2,"minecraft:kelp":7},"minecraft:dropped":{"minecraft:iron_ingot":2},"minecraft:crafted":{"minecraft:oak_planks":28,"minecraft:crafting_table":3,"minecraft:stick":16,"minecraft:iron_ingot":3,"minecraft:wooden_pickaxe":1,"minecraft:iron_pickaxe":1,"minecraft:stone_pickaxe":2,"minecraft:furnace":1,"minecraft:acacia_planks":16,"minecraft:torch":4,"minecraft:stone_axe":2},"minecraft:picked_up":{"minecraft:stick":3,"minecraft:raw_iron":3,"minecraft:glow_ink_sac":2,"minecraft:andesite":35,"minecraft:wooden_pickaxe":1,"minecraft:acacia_log":4,"minecraft:oak_log":22,"minecraft:dirt":116,"minecraft:arrow":1,"minecraft:acacia_planks":15,"minecraft:wheat_seeds":1,"minecraft:iron_ingot":2,"minecraft:granite":16,"minecraft:sugar_cane":2,"minecraft:coal":2,"minecraft:oak_planks":1,"minecraft:acacia_sapling":3,"minecraft:cobblestone":59}},"DataVersion":3953}