{"stats":{"minecraft:crafted":{"minecraft:wooden_sword":1,"minecraft:oak_planks":8,"minecraft:crafting_table":6,"minecraft:wooden_pickaxe":1,"minecraft:iron_sword":2,"minecraft:furnace":1,"minecraft:mangrove_planks":28,"minecraft:stone_axe":1,"minecraft:bread":9,"minecraft:shield":1,"minecraft:stick":16,"minecraft:iron_pickaxe":1,"minecraft:stone_pickaxe":1,"minecraft:wooden_axe":1,"minecraft:stone_sword":1,"minecraft:acacia_planks":20,"minecraft:stone_hoe":1,"minecraft:wheat":27},"minecraft:used":{"minecraft:moss_carpet":3,"minecraft:diorite":4,"minecraft:stone_sword":73,"minecraft:acacia_log":4,"minecraft:stone_pickaxe":3,"minecraft:wooden_pickaxe":36,"minecraft:iron_sword":27,"minecraft:sniffer_egg":1,"minecraft:stone_hoe":45,"minecraft:rotten_flesh":1,"minecraft:dirt":6,"minecraft:sand":1,"minecraft:mutton":2,"minecraft:crafting_table":5,"minecraft:white_bed":1,"minecraft:mud":1,"minecraft:wooden_axe":26,"minecraft:bread":9,"minecraft:iron_pickaxe":5,"minecraft:stone_axe":54,"minecraft:wooden_sword":2,"minecraft:cobblestone":10,"minecraft:mangrove_roots":13,"minecraft:porkchop":3,"minecraft:andesite":1},"minecraft:killed":{"minecraft:wolf":1,"minecraft:pig":1,"minecraft:sheep":1,"minecraft:zombie":4},"minecraft:mined":{"minecraft:acacia_leaves":2,"minecraft:white_bed":2,"minecraft:kelp_plant":1,"minecraft:mangrove_roots":14,"minecraft:short_grass":31,"minecraft:acacia_log":9,"minecraft:grass_block":5,"minecraft:tall_grass":2,"minecraft:copper_ore":1,"minecraft:cobblestone":3,"minecraft:kelp":2,"minecraft:diorite":4,"minecraft:mangrove_propagule":2,"minecraft:hay_block":40,"minecraft:carrots":19,"minecraft:mud":1,"minecraft:wheat":23,"minecraft:andesite":1,"minecraft:pumpkin":2,"minecraft:moss_carpet":1,"minecraft:mangrove_leaves":23,"minecraft:bell":1,"minecraft:potatoes":9,"minecraft:oak_log":7,"minecraft:beetroots":3,"minecraft:vine":1,"minecraft:sand":1,"minecraft:dirt":2,"minecraft:mangrove_log":35,"minecraft:stone":30},"minecraft:killed_by":{"minecraft:player":6,"minecraft:creeper":1,"minecraft:spider":2,"minecraft:zombie":3},"minecraft:custom":{"minecraft:mob_kills":7,"minecraft:interact_with_crafting_table":14,"minecraft:leave_game":5,"minecraft:time_since_death":35693,"minecraft:sleep_in_bed":1,"minecraft:climb_one_cm":1966,"minecraft:time_since_rest":12681,"minecraft:sprint_one_cm":175782,"minecraft:damage_taken":4525,"minecraft:walk_one_cm":148013,"minecraft:damage_dealt":1413,"minecraft:swim_one_cm":207530,"minecraft:player_kills":1,"minecraft:fly_one_cm":186675,"minecraft:open_chest":11,"minecraft:crouch_one_cm":120,"minecraft:play_time":83129,"minecraft:deaths":15,"minecraft:sneak_time":424,"minecraft:walk_under_water_one_cm":16189,"minecraft:jump":1214,"minecraft:walk_on_water_one_cm":63443,"minecraft:total_world_time":83129,"minecraft:fall_one_cm":24824},"minecraft:picked_up":{"minecraft:mud":1,"minecraft:wheat":4,"minecraft:andesite":1,"minecraft:wooden_pickaxe":1,"minecraft:potato":8,"minecraft:oak_log":7,"minecraft:dirt":19,"minecraft:moss_carpet":3,"minecraft:raw_copper":4,"minecraft:bone":2,"minecraft:beetroot":1,"minecraft:acacia_planks":16,"minecraft:kelp":10,"minecraft:wheat_seeds":32,"minecraft:bell":1,"minecraft:acacia_sapling":1,"minecraft:mangrove_log":35,"minecraft:stick":6,"minecraft:pumpkin":2,"minecraft:acacia_log":56,"minecraft:sand":1,"minecraft:porkchop":3,"minecraft:carrot":19,"minecraft:diorite":4,"minecraft:white_bed":2,"minecraft:sniffer_egg":2,"minecraft:rotten_flesh":5,"minecraft:beetroot_seeds":5,"minecraft:stone_axe":2,"minecraft:hay_block":40,"minecraft:mangrove_roots":14,"minecraft:oak_sapling":1,"minecraft:mutton":2,"minecraft:mangrove_propagule":1,"minecraft:white_wool":1,"minecraft:cobblestone":29}},"DataVersion":3953}