{"stats":{"minecraft:broken":{"minecraft:stone_pickaxe":1},"minecraft:crafted":{"minecraft:oak_planks":44,"minecraft:shield":1,"minecraft:crafting_table":2,"minecraft:stick":8,"minecraft:iron_pickaxe":1,"minecraft:iron_ingot":6,"minecraft:iron_sword":1,"minecraft:chest":4,"minecraft:furnace":1,"minecraft:acacia_planks":16,"minecraft:torch":16},"minecraft:used":{"minecraft:stone_pickaxe":103,"minecraft:shield":1,"minecraft:chest":4,"minecraft:wooden_pickaxe":4,"minecraft:iron_sword":5,"minecraft:stone_axe":71,"minecraft:torch":16,"minecraft:cobblestone":68,"minecraft:crafting_table":2,"minecraft:furnace":1,"minecraft:andesite":27,"minecraft:acacia_planks":12},"minecraft:killed":{"minecraft:zombie":3,"minecraft:zombie_villager":1,"minecraft:cow":1},"minecraft:mined":{"minecraft:iron_ore":7,"minecraft:andesite":6,"minecraft:torch":1,"minecraft:short_grass":2,"minecraft:acacia_log":3,"minecraft:coal_ore":22,"minecraft:oak_log":57,"minecraft:cobblestone":2,"minecraft:stone":70,"minecraft:oak_leaves":7},"minecraft:killed_by":{"minecraft:player":2,"minecraft:creeper":1},"minecraft:custom":{"minecraft:time_since_rest":8064,"minecraft:interact_with_furnace":3,"minecraft:sprint_one_cm":110627,"minecraft:damage_taken":845,"minecraft:walk_one_cm":59229,"minecraft:damage_blocked_by_shield":25,"minecraft:mob_kills":5,"minecraft:damage_dealt":430,"minecraft:swim_one_cm":111447,"minecraft:interact_with_crafting_table":11,"minecraft:fly_one_cm":50409,"minecraft:player_kills":1,"minecraft:open_chest":13,"minecraft:crouch_one_cm":4291,"minecraft:play_time":39738,"minecraft:deaths":3,"minecraft:sneak_time":3206,"minecraft:walk_under_water_one_cm":4058,"minecraft:jump":391,"minecraft:leave_game":4,"minecraft:walk_on_water_one_cm":2940,"minecraft:time_since_death":8006,"minecraft:total_world_time":39738,"minecraft:fall_one_cm":6210,"minecraft:horse_one_cm":70},"minecraft:picked_up":{"minecraft:stick":1,"minecraft:raw_iron":7,"minecraft:andesite":41,"minecraft:torch":1,"minecraft:wooden_pickaxe":3,"minecraft:acacia_log":50,"minecraft:oak_log":57,"minecraft:dirt":4,"minecraft:sniffer_egg":2,"minecraft:acacia_planks":38,"minecraft:rotten_flesh":4,"minecraft:stone_axe":2,"minecraft:wheat_seeds":1,"minecraft:beef":2,"minecraft:stone_pickaxe":2,"minecraft:granite":16,"minecraft:cooked_chicken":60,"minecraft:coal":22,"minecraft:acacia_sapling":3,"minecraft:cobblestone":100}},"DataVersion":3953}