{"stats":{"minecraft:used":{"minecraft:wooden_axe":4,"minecraft:stone_pickaxe":17,"minecraft:wooden_pickaxe":16,"minecraft:stone_axe":16,"minecraft:cobblestone":1,"minecraft:crafting_table":2,"minecraft:acacia_sapling":1},"minecraft:killed":{"minecraft:sheep":1},"minecraft:custom":{"minecraft:time_since_rest":6176,"minecraft:sprint_one_cm":62625,"minecraft:damage_taken":618,"minecraft:walk_one_cm":58545,"minecraft:mob_kills":1,"minecraft:damage_dealt":90,"minecraft:interact_with_crafting_table":2,"minecraft:fly_one_cm":18042,"minecraft:crouch_one_cm":87,"minecraft:play_time":21364,"minecraft:deaths":2,"minecraft:sneak_time":1451,"minecraft:walk_under_water_one_cm":1312,"minecraft:jump":282,"minecraft:leave_game":1,"minecraft:time_since_death":6076,"minecraft:walk_on_water_one_cm":5980,"minecraft:total_world_time":21364,"minecraft:fall_one_cm":5716},"minecraft:killed_by":{"minecraft:zombie":1,"minecraft:enderman":1},"minecraft:mined":{"minecraft:acacia_leaves":3,"minecraft:crafting_table":2,"minecraft:short_grass":3,"minecraft:acacia_log":14,"minecraft:oak_log":4,"minecraft:coal_ore":16,"minecraft:tall_grass":1,"minecraft:stone":17},"minecraft:crafted":{"minecraft:crafting_table":1,"minecraft:stick":12,"minecraft:wooden_pickaxe":2,"minecraft:stone_pickaxe":1,"minecraft:wooden_axe":1,"minecraft:stone_sword":1,"minecraft:furnace":1,"minecraft:acacia_planks":28,"minecraft:torch":16,"minecraft:stone_axe":1},"minecraft:picked_up":{"minecraft:wooden_axe":1,"minecraft:stick":3,"minecraft:crafting_table":3,"minecraft:torch":16,"minecraft:wooden_pickaxe":1,"minecraft:acacia_log":14,"minecraft:oak_log":4,"minecraft:stone_sword":1,"minecraft:acacia_planks":9,"minecraft:stone_axe":1,"minecraft:stone_pickaxe":1,"minecraft:mutton":2,"minecraft:coal":28,"minecraft:acacia_sapling":1,"minecraft:white_wool":2,"minecraft:cobblestone":17,"minecraft:furnace":1}},"DataVersion":3953}