{"stats":{"minecraft:used":{"minecraft:acacia_boat":1,"minecraft:crafting_table":1,"minecraft:acacia_planks":7},"minecraft:custom":{"minecraft:time_since_rest":12056,"minecraft:crouch_one_cm":74,"minecraft:play_time":12056,"minecraft:sprint_one_cm":5454,"minecraft:damage_taken":40,"minecraft:walk_one_cm":4889,"minecraft:sneak_time":78,"minecraft:walk_under_water_one_cm":2804,"minecraft:boat_one_cm":17958,"minecraft:jump":42,"minecraft:leave_game":1,"minecraft:time_since_death":12056,"minecraft:walk_on_water_one_cm":4416,"minecraft:total_world_time":12056,"minecraft:swim_one_cm":12465,"minecraft:fall_one_cm":1346,"minecraft:interact_with_crafting_table":3,"minecraft:fly_one_cm":8776},"minecraft:mined":{"minecraft:short_grass":1,"minecraft:acacia_log":7,"minecraft:acacia_leaves":7,"minecraft:crafting_table":1},"minecraft:crafted":{"minecraft:acacia_planks":28,"minecraft:crafting_table":1,"minecraft:stick":4,"minecraft:acacia_boat":1},"minecraft:picked_up":{"minecraft:crafting_table":1,"minecraft:acacia_log":7,"minecraft:acacia_sapling":1}},"DataVersion":3953}