{"stats":{"minecraft:used":{"minecraft:redstone_torch":1,"minecraft:netherite_sword":36,"minecraft:mace":84,"minecraft:stone_pickaxe":25,"minecraft:poppy":14,"minecraft:wooden_pickaxe":9,"minecraft:sniffer_egg":1,"minecraft:cooked_chicken":4,"minecraft:stone_axe":74,"minecraft:tnt":18,"minecraft:crafting_table":1,"minecraft:wolf_spawn_egg":2,"minecraft:dandelion":1},"minecraft:killed":{"minecraft:horse":4,"minecraft:sheep":1,"minecraft:skeleton":2,"minecraft:zombie":4,"minecraft:chicken":1,"minecraft:spider":1,"minecraft:cow":3},"minecraft:custom":{"minecraft:time_since_rest":2956,"minecraft:sprint_one_cm":156070,"minecraft:damage_taken":1427,"minecraft:walk_one_cm":132506,"minecraft:mob_kills":17,"minecraft:drop":12,"minecraft:damage_dealt":5675,"minecraft:swim_one_cm":5441,"minecraft:interact_with_crafting_table":3,"minecraft:player_kills":14,"minecraft:fly_one_cm":434641,"minecraft:crouch_one_cm":1973,"minecraft:play_time":138284,"minecraft:deaths":5,"minecraft:sneak_time":132,"minecraft:walk_under_water_one_cm":7596,"minecraft:jump":1062,"minecraft:leave_game":5,"minecraft:time_since_death":2879,"minecraft:walk_on_water_one_cm":5147,"minecraft:total_world_time":138284,"minecraft:fall_one_cm":12472},"minecraft:killed_by":{"minecraft:player":4,"minecraft:spider":1},"minecraft:mined":{"minecraft:acacia_leaves":8,"minecraft:iron_ore":2,"minecraft:dandelion":1,"minecraft:crafting_table":1,"minecraft:short_grass":55,"minecraft:acacia_log":31,"minecraft:coal_ore":20,"minecraft:poppy":2,"minecraft:stone":12,"minecraft:sniffer_egg":1},"minecraft:dropped":{"minecraft:poppy":1,"minecraft:wolf_spawn_egg":64,"minecraft:carved_pumpkin":576,"minecraft:wooden_pickaxe":1},"minecraft:crafted":{"minecraft:oak_planks":20,"minecraft:crafting_table":1,"minecraft:stick":8,"minecraft:wooden_pickaxe":1,"minecraft:stone_pickaxe":1,"minecraft:torch":8,"minecraft:stone_axe":1},"minecraft:picked_up":{"minecraft:crafting_table":2,"minecraft:raw_iron":4,"minecraft:chicken":1,"minecraft:torch":8,"minecraft:leather":5,"minecraft:wooden_pickaxe":1,"minecraft:acacia_log":30,"minecraft:dandelion":1,"minecraft:oak_log":5,"minecraft:dirt":7,"minecraft:sniffer_egg":1,"minecraft:arrow":2,"minecraft:bone":4,"minecraft:acacia_planks":12,"minecraft:rotten_flesh":4,"minecraft:stone_axe":2,"minecraft:wheat_seeds":6,"minecraft:beef":2,"minecraft:stone_pickaxe":2,"minecraft:cooked_chicken":121,"minecraft:poppy":3,"minecraft:oak_sapling":3,"minecraft:coal":36,"minecraft:mutton":2,"minecraft:acacia_sapling":1,"minecraft:white_wool":1,"minecraft:cobblestone":22}},"DataVersion":3953}