{"stats":{"minecraft:crafted":{"minecraft:wooden_sword":1,"minecraft:oak_planks":8,"minecraft:shield":1,"minecraft:crafting_table":3,"minecraft:stick":8,"minecraft:iron_pickaxe":1,"minecraft:wooden_axe":1,"minecraft:iron_sword":2,"minecraft:mangrove_planks":4,"minecraft:acacia_planks":20},"minecraft:used":{"minecraft:wooden_axe":26,"minecraft:moss_carpet":1,"minecraft:acacia_log":4,"minecraft:iron_pickaxe":5,"minecraft:iron_sword":27,"minecraft:sniffer_egg":1,"minecraft:stone_axe":9,"minecraft:rotten_flesh":1,"minecraft:wooden_sword":1,"minecraft:cobblestone":4,"minecraft:dirt":3,"minecraft:mutton":2,"minecraft:crafting_table":2,"minecraft:porkchop":3},"minecraft:killed":{"minecraft:sheep":1,"minecraft:wolf":1,"minecraft:zombie":2,"minecraft:pig":1},"minecraft:mined":{"minecraft:acacia_leaves":2,"minecraft:kelp_plant":1,"minecraft:mangrove_roots":1,"minecraft:moss_carpet":1,"minecraft:mangrove_leaves":18,"minecraft:short_grass":26,"minecraft:acacia_log":9,"minecraft:grass_block":4,"minecraft:oak_log":7,"minecraft:mangrove_log":10,"minecraft:copper_ore":1,"minecraft:tall_grass":2,"minecraft:cobblestone":1,"minecraft:stone":3,"minecraft:kelp":2,"minecraft:mangrove_propagule":2},"minecraft:killed_by":{"minecraft:player":6,"minecraft:creeper":1,"minecraft:spider":2,"minecraft:zombie":3},"minecraft:custom":{"minecraft:time_since_rest":10425,"minecraft:sprint_one_cm":141246,"minecraft:damage_taken":4255,"minecraft:walk_one_cm":79568,"minecraft:mob_kills":5,"minecraft:damage_dealt":924,"minecraft:swim_one_cm":207097,"minecraft:interact_with_crafting_table":8,"minecraft:fly_one_cm":166735,"minecraft:player_kills":1,"minecraft:open_chest":11,"minecraft:crouch_one_cm":120,"minecraft:play_time":57817,"minecraft:deaths":15,"minecraft:sneak_time":424,"minecraft:walk_under_water_one_cm":16122,"minecraft:jump":929,"minecraft:leave_game":4,"minecraft:walk_on_water_one_cm":59950,"minecraft:time_since_death":10381,"minecraft:climb_one_cm":449,"minecraft:total_world_time":57817,"minecraft:fall_one_cm":22215},"minecraft:picked_up":{"minecraft:stick":6,"minecraft:acacia_log":56,"minecraft:wooden_pickaxe":1,"minecraft:porkchop":3,"minecraft:oak_log":7,"minecraft:moss_carpet":1,"minecraft:dirt":16,"minecraft:raw_copper":4,"minecraft:sniffer_egg":2,"minecraft:bone":2,"minecraft:acacia_planks":16,"minecraft:rotten_flesh":3,"minecraft:kelp":10,"minecraft:stone_axe":2,"minecraft:wheat_seeds":5,"minecraft:mangrove_roots":1,"minecraft:oak_sapling":1,"minecraft:mutton":2,"minecraft:mangrove_propagule":1,"minecraft:acacia_sapling":1,"minecraft:mangrove_log":10,"minecraft:white_wool":1,"minecraft:cobblestone":5}},"DataVersion":3953}