{"stats":{"minecraft:used":{"minecraft:stone_sword":22,"minecraft:acacia_log":2,"minecraft:wooden_pickaxe":80,"minecraft:stone_axe":2,"minecraft:dirt":6,"minecraft:crafting_table":1,"minecraft:andesite":2},"minecraft:custom":{"minecraft:time_since_rest":6647,"minecraft:interact_with_furnace":1,"minecraft:sprint_one_cm":31530,"minecraft:damage_taken":871,"minecraft:walk_one_cm":40885,"minecraft:drop":1,"minecraft:damage_dealt":676,"minecraft:swim_one_cm":5297,"minecraft:interact_with_crafting_table":4,"minecraft:fly_one_cm":48902,"minecraft:play_time":21026,"minecraft:deaths":3,"minecraft:sneak_time":35,"minecraft:walk_under_water_one_cm":3739,"minecraft:jump":283,"minecraft:leave_game":1,"minecraft:time_since_death":6592,"minecraft:walk_on_water_one_cm":9111,"minecraft:total_world_time":21026,"minecraft:fall_one_cm":8860},"minecraft:broken":{"minecraft:wooden_pickaxe":1},"minecraft:mined":{"minecraft:andesite":2,"minecraft:crafting_table":2,"minecraft:short_grass":2,"minecraft:acacia_log":2,"minecraft:coal_ore":5,"minecraft:grass_block":2,"minecraft:oak_log":11,"minecraft:dirt":4,"minecraft:stone":68,"minecraft:oak_leaves":13},"minecraft:killed_by":{"minecraft:player":1,"minecraft:creeper":1,"minecraft:spider":1},"minecraft:dropped":{"minecraft:wheat_seeds":1},"minecraft:crafted":{"minecraft:oak_planks":44,"minecraft:crafting_table":1,"minecraft:stick":28,"minecraft:wooden_pickaxe":2,"minecraft:stone_pickaxe":2,"minecraft:stone_sword":2,"minecraft:stone_axe":2,"minecraft:cooked_mutton":2},"minecraft:picked_up":{"minecraft:stick":1,"minecraft:crafting_table":3,"minecraft:andesite":2,"minecraft:acacia_log":2,"minecraft:torch":16,"minecraft:wooden_pickaxe":1,"minecraft:oak_log":11,"minecraft:dirt":32,"minecraft:stone_sword":1,"minecraft:wheat_seeds":3,"minecraft:stone_pickaxe":1,"minecraft:coal":5,"minecraft:oak_planks":13,"minecraft:cobblestone":80}},"DataVersion":3953}