{"stats":{"minecraft:broken":{"minecraft:stone_pickaxe":1},"minecraft:crafted":{"minecraft:oak_planks":44,"minecraft:crafting_table":2,"minecraft:iron_sword":1,"minecraft:furnace":1,"minecraft:oak_boat":1,"minecraft:shield":1,"minecraft:stick":12,"minecraft:iron_ingot":7,"minecraft:iron_pickaxe":1,"minecraft:stone_pickaxe":1,"minecraft:stone_sword":1,"minecraft:chest":4,"minecraft:acacia_planks":16,"minecraft:torch":16},"minecraft:used":{"minecraft:stone_sword":20,"minecraft:stone_pickaxe":109,"minecraft:wooden_pickaxe":5,"minecraft:chest":4,"minecraft:shield":1,"minecraft:iron_sword":5,"minecraft:torch":16,"minecraft:crafting_table":2,"minecraft:stone_axe":71,"minecraft:cobblestone":82,"minecraft:beef":2,"minecraft:furnace":1,"minecraft:andesite":27,"minecraft:oak_boat":2,"minecraft:acacia_planks":12},"minecraft:killed":{"minecraft:zombie_villager":1,"minecraft:zombie":4,"minecraft:cow":1},"minecraft:mined":{"minecraft:torch":1,"minecraft:short_grass":2,"minecraft:acacia_log":3,"minecraft:cobblestone":3,"minecraft:iron_ore":9,"minecraft:andesite":6,"minecraft:oak_log":57,"minecraft:coal_ore":22,"minecraft:gravel":4,"minecraft:stone":72,"minecraft:oak_leaves":7},"minecraft:killed_by":{"minecraft:player":2,"minecraft:creeper":1},"minecraft:custom":{"minecraft:interact_with_furnace":4,"minecraft:mob_kills":6,"minecraft:interact_with_crafting_table":14,"minecraft:leave_game":4,"minecraft:time_since_death":12991,"minecraft:time_since_rest":13040,"minecraft:sprint_one_cm":143847,"minecraft:damage_taken":1205,"minecraft:walk_one_cm":75457,"minecraft:damage_blocked_by_shield":25,"minecraft:drop":1,"minecraft:damage_dealt":627,"minecraft:swim_one_cm":245556,"minecraft:player_kills":1,"minecraft:fly_one_cm":73552,"minecraft:open_chest":17,"minecraft:crouch_one_cm":4459,"minecraft:play_time":57738,"minecraft:deaths":4,"minecraft:sneak_time":3284,"minecraft:walk_under_water_one_cm":4454,"minecraft:boat_one_cm":68511,"minecraft:jump":591,"minecraft:walk_on_water_one_cm":7685,"minecraft:total_world_time":57738,"minecraft:fall_one_cm":14082,"minecraft:horse_one_cm":70},"minecraft:picked_up":{"minecraft:andesite":41,"minecraft:wooden_pickaxe":3,"minecraft:flint":1,"minecraft:oak_log":57,"minecraft:dirt":4,"minecraft:acacia_planks":38,"minecraft:wheat_seeds":1,"minecraft:beef":2,"minecraft:stone_pickaxe":2,"minecraft:cooked_chicken":60,"minecraft:oak_boat":1,"minecraft:oak_planks":14,"minecraft:acacia_sapling":3,"minecraft:stick":1,"minecraft:raw_iron":9,"minecraft:torch":1,"minecraft:acacia_log":50,"minecraft:gravel":3,"minecraft:sniffer_egg":2,"minecraft:rotten_flesh":5,"minecraft:stone_axe":2,"minecraft:granite":16,"minecraft:coal":22,"minecraft:cobblestone":103},"minecraft:dropped":{"minecraft:oak_planks":1}},"DataVersion":3953}