{"stats":{"minecraft:killed":{"minecraft:armadillo":2,"minecraft:pig":2,"minecraft:spider":2,"minecraft:sheep":1,"minecraft:skeleton":3,"minecraft:zombie":1,"minecraft:chicken":3},"minecraft:custom":{"minecraft:interact_with_furnace":16,"minecraft:mob_kills":14,"minecraft:interact_with_crafting_table":17,"minecraft:leave_game":2,"minecraft:time_since_death":80904,"minecraft:time_since_rest":81014,"minecraft:sprint_one_cm":158534,"minecraft:damage_taken":1050,"minecraft:walk_one_cm":148340,"minecraft:damage_blocked_by_shield":55,"minecraft:drop":1,"minecraft:damage_dealt":1839,"minecraft:fly_one_cm":44236,"minecraft:open_chest":8,"minecraft:crouch_one_cm":10257,"minecraft:play_time":84891,"minecraft:deaths":1,"minecraft:sneak_time":7195,"minecraft:jump":456,"minecraft:walk_on_water_one_cm":3324,"minecraft:total_world_time":84891,"minecraft:fall_one_cm":8351},"minecraft:picked_up":{"minecraft:crafting_table":4,"minecraft:wheat":3,"minecraft:feather":4,"minecraft:chicken":3,"minecraft:andesite":32,"minecraft:oak_log":14,"minecraft:dirt":24,"minecraft:string":1,"minecraft:raw_copper":5,"minecraft:bone":2,"minecraft:wheat_seeds":41,"minecraft:cobbled_deepslate":6,"minecraft:oak_planks":16,"minecraft:acacia_sapling":4,"minecraft:furnace":2,"minecraft:raw_iron":16,"minecraft:stick":8,"minecraft:cooked_porkchop":3,"minecraft:torch":21,"minecraft:porkchop":6,"minecraft:diorite":35,"minecraft:arrow":2,"minecraft:granite":11,"minecraft:mutton":2,"minecraft:coal":62,"minecraft:white_wool":1,"minecraft:cobblestone":603},"minecraft:killed_by":{"minecraft:spider":1},"minecraft:broken":{"minecraft:stone_pickaxe":4,"minecraft:stone_sword":1},"minecraft:dropped":{"minecraft:wooden_pickaxe":1},"minecraft:used":{"minecraft:wheat_seeds":15,"minecraft:stone_sword":290,"minecraft:stone_pickaxe":755,"minecraft:shield":2,"minecraft:chest":1,"minecraft:wooden_pickaxe":38,"minecraft:stone_hoe":14,"minecraft:cobblestone_slab":6,"minecraft:cooked_chicken":3,"minecraft:rotten_flesh":4,"minecraft:torch":55,"minecraft:dirt":15,"minecraft:crafting_table":6,"minecraft:bread":1,"minecraft:stone_axe":25,"minecraft:cobblestone":29,"minecraft:furnace":4,"minecraft:cooked_porkchop":6,"minecraft:cobbled_deepslate":1,"minecraft:bone_meal":6},"minecraft:mined":{"minecraft:crafting_table":4,"minecraft:torch":6,"minecraft:granite":11,"minecraft:short_grass":258,"minecraft:grass_block":1,"minecraft:tall_grass":28,"minecraft:copper_ore":1,"minecraft:cobblestone":4,"minecraft:diorite":35,"minecraft:wall_torch":7,"minecraft:acacia_sapling":1,"minecraft:furnace":2,"minecraft:cobbled_deepslate":1,"minecraft:iron_ore":12,"minecraft:wheat":3,"minecraft:andesite":33,"minecraft:oak_log":14,"minecraft:coal_ore":45,"minecraft:deepslate_iron_ore":4,"minecraft:dirt":17,"minecraft:stone":628,"minecraft:oak_leaves":11,"minecraft:deepslate":5},"minecraft:crafted":{"minecraft:oak_planks":32,"minecraft:cobblestone_slab":6,"minecraft:cooked_porkchop":3,"minecraft:crafting_table":2,"minecraft:wooden_pickaxe":1,"minecraft:cooked_chicken":3,"minecraft:furnace":2,"minecraft:bone_meal":6,"minecraft:stone_axe":1,"minecraft:bread":1,"minecraft:shield":1,"minecraft:stick":36,"minecraft:iron_ingot":8,"minecraft:stone_pickaxe":9,"minecraft:stone_sword":2,"minecraft:chest":1,"minecraft:torch":36,"minecraft:stone_hoe":1}},"DataVersion":3953}