{"stats":{"minecraft:mined":{"minecraft:short_grass":1,"minecraft:tall_grass":1,"minecraft:grass_block":5},"minecraft:custom":{"minecraft:jump":89,"minecraft:time_since_rest":6067,"minecraft:walk_on_water_one_cm":189,"minecraft:damage_dealt":159,"minecraft:crouch_one_cm":828,"minecraft:sprint_one_cm":6294,"minecraft:play_time":6067,"minecraft:damage_taken":135,"minecraft:time_since_death":6067,"minecraft:walk_one_cm":23418,"minecraft:sneak_time":262,"minecraft:total_world_time":6067,"minecraft:fall_one_cm":1085,"minecraft:fly_one_cm":11451,"minecraft:horse_one_cm":105},"minecraft:picked_up":{"minecraft:dirt":5}},"DataVersion":3953}