{"stats":{"minecraft:crafted":{"minecraft:oak_planks":24,"minecraft:cooked_porkchop":3,"minecraft:crafting_table":1,"minecraft:stick":16,"minecraft:wooden_pickaxe":1,"minecraft:cooked_chicken":2,"minecraft:stone_pickaxe":1,"minecraft:stone_sword":1,"minecraft:furnace":1,"minecraft:stone_axe":1},"minecraft:used":{"minecraft:stone_sword":190,"minecraft:stone_pickaxe":60,"minecraft:wooden_pickaxe":38,"minecraft:cooked_chicken":2,"minecraft:stone_axe":1,"minecraft:dirt":3,"minecraft:crafting_table":2,"minecraft:furnace":2,"minecraft:cooked_porkchop":3},"minecraft:killed":{"minecraft:skeleton":1,"minecraft:sheep":1,"minecraft:pig":2,"minecraft:chicken":3,"minecraft:spider":2},"minecraft:mined":{"minecraft:furnace":1,"minecraft:crafting_table":2,"minecraft:short_grass":234,"minecraft:coal_ore":20,"minecraft:oak_log":6,"minecraft:dirt":8,"minecraft:tall_grass":28,"minecraft:cobblestone":1,"minecraft:stone":74,"minecraft:oak_leaves":5},"minecraft:killed_by":{"minecraft:spider":1},"minecraft:custom":{"minecraft:time_since_rest":19979,"minecraft:interact_with_furnace":11,"minecraft:sprint_one_cm":84776,"minecraft:damage_taken":610,"minecraft:walk_one_cm":58223,"minecraft:mob_kills":9,"minecraft:drop":1,"minecraft:damage_dealt":857,"minecraft:interact_with_crafting_table":7,"minecraft:fly_one_cm":30010,"minecraft:crouch_one_cm":931,"minecraft:play_time":23856,"minecraft:deaths":1,"minecraft:sneak_time":1316,"minecraft:jump":221,"minecraft:leave_game":2,"minecraft:time_since_death":19869,"minecraft:total_world_time":23856,"minecraft:fall_one_cm":2938},"minecraft:picked_up":{"minecraft:stick":5,"minecraft:crafting_table":2,"minecraft:feather":4,"minecraft:chicken":3,"minecraft:porkchop":6,"minecraft:oak_log":6,"minecraft:string":1,"minecraft:dirt":18,"minecraft:arrow":1,"minecraft:bone":2,"minecraft:wheat_seeds":29,"minecraft:mutton":2,"minecraft:coal":20,"minecraft:acacia_sapling":1,"minecraft:white_wool":1,"minecraft:cobblestone":61,"minecraft:furnace":1},"minecraft:dropped":{"minecraft:wooden_pickaxe":1}},"DataVersion":3953}