{"stats":{"minecraft:crafted":{"minecraft:wooden_sword":1,"minecraft:stone_shovel":1,"minecraft:stick":8,"minecraft:wooden_pickaxe":1,"minecraft:stone_pickaxe":1,"minecraft:stone_sword":1,"minecraft:chest":1,"minecraft:furnace":1,"minecraft:acacia_planks":20,"minecraft:stone_axe":1},"minecraft:used":{"minecraft:cooked_mutton":2,"minecraft:tropical_fish":1,"minecraft:stone_pickaxe":33,"minecraft:wooden_pickaxe":46,"minecraft:torch":1,"minecraft:stone_axe":5,"minecraft:wooden_sword":8,"minecraft:dirt":2,"minecraft:cobblestone":15,"minecraft:crafting_table":2,"minecraft:furnace":1},"minecraft:killed":{"minecraft:sheep":1,"minecraft:cod":1,"minecraft:tropical_fish":1},"minecraft:mined":{"minecraft:acacia_leaves":3,"minecraft:furnace":1,"minecraft:crafting_table":3,"minecraft:granite":1,"minecraft:short_grass":9,"minecraft:acacia_log":7,"minecraft:grass_block":2,"minecraft:coal_ore":44,"minecraft:campfire":1,"minecraft:stone":32,"minecraft:wall_torch":3},"minecraft:custom":{"minecraft:time_since_rest":34680,"minecraft:interact_with_furnace":3,"minecraft:sprint_one_cm":17318,"minecraft:damage_taken":160,"minecraft:walk_one_cm":94818,"minecraft:mob_kills":3,"minecraft:damage_dealt":164,"minecraft:swim_one_cm":73414,"minecraft:interact_with_crafting_table":5,"minecraft:fly_one_cm":22085,"minecraft:crouch_one_cm":1289,"minecraft:play_time":34680,"minecraft:interact_with_campfire":3,"minecraft:sneak_time":1527,"minecraft:walk_under_water_one_cm":27800,"minecraft:jump":302,"minecraft:walk_on_water_one_cm":26962,"minecraft:time_since_death":34680,"minecraft:total_world_time":34680,"minecraft:fall_one_cm":4867},"minecraft:picked_up":{"minecraft:charcoal":2,"minecraft:stick":3,"minecraft:crafting_table":3,"minecraft:torch":3,"minecraft:acacia_log":7,"minecraft:dirt":2,"minecraft:cooked_mutton":2,"minecraft:cooked_cod":1,"minecraft:tropical_fish":1,"minecraft:wheat_seeds":1,"minecraft:granite":1,"minecraft:mutton":2,"minecraft:cod":1,"minecraft:coal":63,"minecraft:white_wool":1,"minecraft:cobblestone":32,"minecraft:furnace":1}},"DataVersion":3953}