{"stats":{"minecraft:used":{"minecraft:stone_sword":162,"minecraft:stone_pickaxe":22,"minecraft:wooden_pickaxe":38,"minecraft:cooked_chicken":1,"minecraft:dirt":3,"minecraft:crafting_table":1,"minecraft:furnace":2,"minecraft:cooked_porkchop":3},"minecraft:killed":{"minecraft:skeleton":1,"minecraft:sheep":1,"minecraft:pig":1,"minecraft:chicken":2,"minecraft:spider":2},"minecraft:custom":{"minecraft:time_since_rest":12211,"minecraft:interact_with_furnace":11,"minecraft:sprint_one_cm":55434,"minecraft:damage_taken":600,"minecraft:walk_one_cm":39046,"minecraft:mob_kills":7,"minecraft:drop":1,"minecraft:damage_dealt":717,"minecraft:interact_with_crafting_table":5,"minecraft:fly_one_cm":23175,"minecraft:crouch_one_cm":931,"minecraft:play_time":16088,"minecraft:deaths":1,"minecraft:sneak_time":1236,"minecraft:jump":168,"minecraft:leave_game":1,"minecraft:time_since_death":12101,"minecraft:total_world_time":16088,"minecraft:fall_one_cm":2193},"minecraft:killed_by":{"minecraft:spider":1},"minecraft:dropped":{"minecraft:wooden_pickaxe":1},"minecraft:mined":{"minecraft:furnace":1,"minecraft:crafting_table":1,"minecraft:short_grass":128,"minecraft:oak_log":4,"minecraft:dirt":8,"minecraft:tall_grass":1,"minecraft:cobblestone":1,"minecraft:stone":56,"minecraft:oak_leaves":3},"minecraft:crafted":{"minecraft:oak_planks":16,"minecraft:cooked_porkchop":3,"minecraft:crafting_table":1,"minecraft:stick":12,"minecraft:cooked_chicken":2,"minecraft:wooden_pickaxe":1,"minecraft:stone_pickaxe":1,"minecraft:stone_sword":1,"minecraft:furnace":1},"minecraft:picked_up":{"minecraft:stick":4,"minecraft:crafting_table":1,"minecraft:feather":3,"minecraft:chicken":2,"minecraft:porkchop":3,"minecraft:oak_log":4,"minecraft:string":1,"minecraft:dirt":18,"minecraft:bone":2,"minecraft:arrow":1,"minecraft:wheat_seeds":14,"minecraft:mutton":2,"minecraft:acacia_sapling":1,"minecraft:white_wool":1,"minecraft:cobblestone":43,"minecraft:furnace":1}},"DataVersion":3953}