{"stats":{"minecraft:mined":{"minecraft:short_grass":9,"minecraft:poppy":2,"minecraft:dandelion":1},"minecraft:used":{"minecraft:poppy":2,"minecraft:dandelion":1},"minecraft:picked_up":{"minecraft:poppy":2,"minecraft:wheat_seeds":1,"minecraft:dandelion":1},"minecraft:custom":{"minecraft:jump":191,"minecraft:time_since_rest":23689,"minecraft:crouch_one_cm":78,"minecraft:damage_dealt":693,"minecraft:damage_taken":20,"minecraft:play_time":23689,"minecraft:leave_game":2,"minecraft:sprint_one_cm":17831,"minecraft:time_since_death":23689,"minecraft:walk_one_cm":22561,"minecraft:sneak_time":16,"minecraft:total_world_time":23689,"minecraft:mob_kills":2,"minecraft:fall_one_cm":1147,"minecraft:fly_one_cm":56789},"minecraft:killed":{"minecraft:horse":1}},"DataVersion":3953}