{"stats":{"minecraft:killed":{"minecraft:sheep":8,"minecraft:pig":1,"minecraft:zombie_villager":1,"minecraft:cow":7},"minecraft:custom":{"minecraft:time_since_rest":17831,"minecraft:interact_with_furnace":4,"minecraft:sprint_one_cm":64743,"minecraft:damage_taken":790,"minecraft:walk_one_cm":100097,"minecraft:mob_kills":17,"minecraft:damage_dealt":1749,"minecraft:swim_one_cm":9445,"minecraft:interact_with_crafting_table":6,"minecraft:fly_one_cm":22416,"minecraft:crouch_one_cm":230,"minecraft:play_time":22410,"minecraft:deaths":2,"minecraft:sneak_time":123,"minecraft:walk_under_water_one_cm":3366,"minecraft:jump":329,"minecraft:leave_game":2,"minecraft:walk_on_water_one_cm":6943,"minecraft:time_since_death":17767,"minecraft:climb_one_cm":546,"minecraft:total_world_time":22410,"minecraft:fall_one_cm":5127},"minecraft:picked_up":{"minecraft:birch_log":6,"minecraft:stick":2,"minecraft:crafting_table":1,"minecraft:leather":7,"minecraft:porkchop":3,"minecraft:rotten_flesh":2,"minecraft:beef":9,"minecraft:oak_sapling":1,"minecraft:mutton":13,"minecraft:coal":5,"minecraft:white_wool":7,"minecraft:cobblestone":28},"minecraft:killed_by":{"minecraft:zombie":1},"minecraft:used":{"minecraft:stone_sword":48,"minecraft:wooden_pickaxe":40,"minecraft:stone_axe":1,"minecraft:crafting_table":2,"minecraft:furnace":1,"minecraft:cooked_beef":3},"minecraft:mined":{"minecraft:birch_log":6,"minecraft:birch_leaves":1,"minecraft:crafting_table":1,"minecraft:short_grass":1,"minecraft:coal_ore":5,"minecraft:stone":30,"minecraft:oak_leaves":4},"minecraft:crafted":{"minecraft:cooked_beef":7,"minecraft:crafting_table":1,"minecraft:stick":8,"minecraft:wooden_pickaxe":1,"minecraft:stone_sword":4,"minecraft:furnace":1,"minecraft:birch_planks":24,"minecraft:stone_axe":1}},"DataVersion":3953}