{"stats":{"minecraft:crafted":{"minecraft:shield":1,"minecraft:crafting_table":2,"minecraft:stick":4,"minecraft:iron_pickaxe":1,"minecraft:iron_sword":2,"minecraft:acacia_planks":20},"minecraft:used":{"minecraft:acacia_log":4,"minecraft:iron_pickaxe":5,"minecraft:iron_sword":27,"minecraft:sniffer_egg":1,"minecraft:stone_axe":9,"minecraft:rotten_flesh":1,"minecraft:cobblestone":4,"minecraft:dirt":3,"minecraft:mutton":2,"minecraft:crafting_table":1,"minecraft:porkchop":3},"minecraft:killed":{"minecraft:sheep":1,"minecraft:wolf":1,"minecraft:zombie":2,"minecraft:pig":1},"minecraft:mined":{"minecraft:acacia_leaves":2,"minecraft:kelp_plant":1,"minecraft:short_grass":23,"minecraft:acacia_log":9,"minecraft:grass_block":4,"minecraft:oak_log":5,"minecraft:copper_ore":1,"minecraft:tall_grass":2,"minecraft:cobblestone":1,"minecraft:stone":3,"minecraft:kelp":2},"minecraft:killed_by":{"minecraft:player":6,"minecraft:creeper":1,"minecraft:spider":2,"minecraft:zombie":3},"minecraft:custom":{"minecraft:time_since_rest":1890,"minecraft:sprint_one_cm":128111,"minecraft:damage_taken":3884,"minecraft:walk_one_cm":71552,"minecraft:mob_kills":5,"minecraft:damage_dealt":924,"minecraft:swim_one_cm":107857,"minecraft:interact_with_crafting_table":4,"minecraft:fly_one_cm":149669,"minecraft:player_kills":1,"minecraft:open_chest":11,"minecraft:crouch_one_cm":120,"minecraft:play_time":45817,"minecraft:deaths":14,"minecraft:sneak_time":424,"minecraft:walk_under_water_one_cm":11099,"minecraft:jump":805,"minecraft:leave_game":4,"minecraft:walk_on_water_one_cm":41831,"minecraft:time_since_death":1845,"minecraft:total_world_time":45817,"minecraft:fall_one_cm":19999},"minecraft:picked_up":{"minecraft:stick":3,"minecraft:acacia_log":56,"minecraft:wooden_pickaxe":1,"minecraft:porkchop":3,"minecraft:oak_log":5,"minecraft:dirt":16,"minecraft:raw_copper":4,"minecraft:sniffer_egg":2,"minecraft:bone":2,"minecraft:acacia_planks":16,"minecraft:rotten_flesh":3,"minecraft:kelp":10,"minecraft:stone_axe":2,"minecraft:wheat_seeds":5,"minecraft:oak_sapling":1,"minecraft:mutton":2,"minecraft:acacia_sapling":1,"minecraft:white_wool":1,"minecraft:cobblestone":5}},"DataVersion":3953}