{"stats":{"minecraft:killed":{"minecraft:pig":1,"minecraft:spider":1,"minecraft:creeper":1,"minecraft:skeleton":2,"minecraft:sheep":2,"minecraft:zombie":4,"minecraft:chicken":1,"minecraft:cow":3},"minecraft:custom":{"minecraft:interact_with_furnace":31,"minecraft:mob_kills":16,"minecraft:interact_with_crafting_table":26,"minecraft:leave_game":5,"minecraft:time_since_death":75242,"minecraft:sleep_in_bed":1,"minecraft:climb_one_cm":2429,"minecraft:time_since_rest":14813,"minecraft:sprint_one_cm":205725,"minecraft:damage_taken":2886,"minecraft:walk_one_cm":262421,"minecraft:drop":5,"minecraft:damage_dealt":2939,"minecraft:swim_one_cm":13995,"minecraft:fly_one_cm":203692,"minecraft:player_kills":1,"minecraft:open_chest":2,"minecraft:crouch_one_cm":2565,"minecraft:play_time":112754,"minecraft:deaths":8,"minecraft:sneak_time":1342,"minecraft:walk_under_water_one_cm":2019,"minecraft:boat_one_cm":28577,"minecraft:jump":1517,"minecraft:walk_on_water_one_cm":29982,"minecraft:total_world_time":112754,"minecraft:fall_one_cm":31754},"minecraft:picked_up":{"minecraft:cocoa_beans":3,"minecraft:crafting_table":3,"minecraft:feather":4,"minecraft:chicken":5,"minecraft:jungle_log":7,"minecraft:andesite":16,"minecraft:leather":1,"minecraft:flint":1,"minecraft:oak_log":19,"minecraft:gunpowder":10,"minecraft:acacia_boat":1,"minecraft:dirt":146,"minecraft:string":8,"minecraft:soul_soil":2,"minecraft:raw_copper":43,"minecraft:cooked_mutton":2,"minecraft:bone":1,"minecraft:acacia_planks":12,"minecraft:wheat_seeds":17,"minecraft:cobbled_deepslate":64,"minecraft:beef":5,"minecraft:cooked_chicken":1,"minecraft:jungle_sapling":1,"minecraft:melon_slice":61,"minecraft:oak_planks":2,"minecraft:acacia_sapling":5,"minecraft:furnace":3,"minecraft:stick":2,"minecraft:raw_iron":36,"minecraft:acacia_log":17,"minecraft:torch":3,"minecraft:quartz":6,"minecraft:porkchop":5,"minecraft:diorite":16,"minecraft:rotten_flesh":13,"minecraft:granite":4,"minecraft:netherrack":13,"minecraft:mutton":6,"minecraft:coal":107,"minecraft:white_wool":1,"minecraft:cobblestone":173},"minecraft:killed_by":{"minecraft:player":4,"minecraft:skeleton":2,"minecraft:zombie":2},"minecraft:broken":{"minecraft:stone_pickaxe":1,"minecraft:iron_pickaxe":1},"minecraft:used":{"minecraft:acacia_boat":1,"minecraft:water_bucket":37,"minecraft:diorite":4,"minecraft:stone_sword":31,"minecraft:flint_and_steel":1,"minecraft:stone_pickaxe":126,"minecraft:oak_planks":58,"minecraft:chest":2,"minecraft:wooden_pickaxe":3,"minecraft:iron_sword":13,"minecraft:cooked_chicken":1,"minecraft:rotten_flesh":3,"minecraft:torch":34,"minecraft:dirt":38,"minecraft:crafting_table":6,"minecraft:jungle_planks":22,"minecraft:granite":2,"minecraft:lava_bucket":16,"minecraft:melon_slice":16,"minecraft:iron_pickaxe":292,"minecraft:stone_axe":74,"minecraft:cobblestone":71,"minecraft:cooked_porkchop":1,"minecraft:furnace":5,"minecraft:jungle_door":2,"minecraft:bucket":54,"minecraft:cooked_beef":4},"minecraft:dropped":{"minecraft:iron_sword":1,"minecraft:granite":2,"minecraft:cooked_mutton":2,"minecraft:dirt":6,"minecraft:diorite":4},"minecraft:mined":{"minecraft:acacia_leaves":4,"minecraft:jungle_leaves":8,"minecraft:crafting_table":3,"minecraft:torch":1,"minecraft:granite":4,"minecraft:short_grass":28,"minecraft:acacia_log":7,"minecraft:grass_block":10,"minecraft:melon":13,"minecraft:jungle_log":8,"minecraft:nether_quartz_ore":6,"minecraft:soul_soil":2,"minecraft:copper_ore":13,"minecraft:cobblestone":43,"minecraft:oak_planks":2,"minecraft:diorite":16,"minecraft:wall_torch":2,"minecraft:furnace":3,"minecraft:iron_ore":36,"minecraft:andesite":20,"minecraft:coal_ore":88,"minecraft:oak_log":19,"minecraft:cocoa":3,"minecraft:vine":8,"minecraft:gravel":1,"minecraft:dirt":15,"minecraft:stone":108,"minecraft:netherrack":13,"minecraft:deepslate":57,"minecraft:oak_leaves":5,"minecraft:fern":3},"minecraft:crafted":{"minecraft:cooked_beef":5,"minecraft:oak_planks":76,"minecraft:cooked_porkchop":1,"minecraft:crafting_table":3,"minecraft:iron_helmet":1,"minecraft:wooden_pickaxe":1,"minecraft:iron_sword":2,"minecraft:furnace":2,"minecraft:bucket":1,"minecraft:stone_axe":1,"minecraft:acacia_boat":1,"minecraft:jungle_planks":28,"minecraft:flint_and_steel":1,"minecraft:jungle_door":3,"minecraft:iron_boots":1,"minecraft:iron_chestplate":1,"minecraft:stick":40,"minecraft:iron_ingot":36,"minecraft:iron_pickaxe":2,"minecraft:stone_pickaxe":1,"minecraft:stone_sword":1,"minecraft:chest":2,"minecraft:acacia_planks":52,"minecraft:torch":60}},"DataVersion":3953}