{"stats":{"minecraft:custom":{"minecraft:time_since_rest":4596,"minecraft:sprint_one_cm":25411,"minecraft:damage_taken":270,"minecraft:walk_one_cm":16398,"minecraft:damage_dealt":56,"minecraft:interact_with_crafting_table":4,"minecraft:swim_one_cm":9956,"minecraft:fly_one_cm":32550,"minecraft:open_chest":1,"minecraft:crouch_one_cm":156,"minecraft:play_time":25540,"minecraft:deaths":1,"minecraft:sneak_time":1800,"minecraft:walk_under_water_one_cm":31514,"minecraft:boat_one_cm":52685,"minecraft:jump":174,"minecraft:time_since_death":2748,"minecraft:leave_game":3,"minecraft:walk_on_water_one_cm":3459,"minecraft:total_world_time":25540,"minecraft:fall_one_cm":3462},"minecraft:picked_up":{"minecraft:stick":3,"minecraft:crafting_table":4,"minecraft:clay_ball":8,"minecraft:acacia_log":9,"minecraft:oak_log":6,"minecraft:dirt":1,"minecraft:kelp":3,"minecraft:cobblestone":36},"minecraft:used":{"minecraft:wooden_axe":25,"minecraft:wooden_pickaxe":39,"minecraft:wooden_sword":4,"minecraft:crafting_table":4,"minecraft:oak_boat":1},"minecraft:mined":{"minecraft:acacia_leaves":1,"minecraft:kelp_plant":2,"minecraft:jungle_slab":1,"minecraft:andesite":2,"minecraft:dark_oak_stairs":2,"minecraft:clay":2,"minecraft:crafting_table":4,"minecraft:short_grass":3,"minecraft:acacia_log":9,"minecraft:oak_log":6,"minecraft:jungle_planks":1,"minecraft:chest":1,"minecraft:dirt":2,"minecraft:stone":37,"minecraft:kelp":1},"minecraft:crafted":{"minecraft:wooden_sword":1,"minecraft:oak_boat":1,"minecraft:oak_planks":24,"minecraft:crafting_table":1,"minecraft:stick":8,"minecraft:wooden_pickaxe":1,"minecraft:stone_pickaxe":1,"minecraft:wooden_axe":1,"minecraft:stone_sword":1,"minecraft:stone_axe":1}},"DataVersion":3953}