{"stats":{"minecraft:used":{"minecraft:poppy":2,"minecraft:dandelion":1},"minecraft:killed":{"minecraft:horse":2},"minecraft:mined":{"minecraft:short_grass":9,"minecraft:poppy":2,"minecraft:dandelion":1},"minecraft:picked_up":{"minecraft:leather":2,"minecraft:wheat_seeds":1,"minecraft:dandelion":1,"minecraft:poppy":2},"minecraft:custom":{"minecraft:time_since_rest":43057,"minecraft:crouch_one_cm":78,"minecraft:play_time":43057,"minecraft:sprint_one_cm":23810,"minecraft:damage_taken":20,"minecraft:walk_one_cm":25819,"minecraft:sneak_time":16,"minecraft:walk_under_water_one_cm":1618,"minecraft:mob_kills":3,"minecraft:jump":261,"minecraft:damage_dealt":971,"minecraft:leave_game":3,"minecraft:walk_on_water_one_cm":1838,"minecraft:time_since_death":43057,"minecraft:total_world_time":43057,"minecraft:swim_one_cm":633,"minecraft:fall_one_cm":1147,"minecraft:fly_one_cm":86939}},"DataVersion":3953}