{"stats":{"minecraft:picked_up":{"minecraft:porkchop":3,"minecraft:spruce_log":8,"minecraft:brown_mushroom":1,"minecraft:dirt":14},"minecraft:used":{"minecraft:spruce_log":105},"minecraft:mined":{"minecraft:podzol":12,"minecraft:short_grass":1,"minecraft:spruce_log":8,"minecraft:brown_mushroom":1,"minecraft:dirt":2,"minecraft:fern":1},"minecraft:killed":{"minecraft:pig":1},"minecraft:custom":{"minecraft:jump":59,"minecraft:time_since_rest":8405,"minecraft:damage_dealt":100,"minecraft:play_time":8405,"minecraft:leave_game":2,"minecraft:sprint_one_cm":6177,"minecraft:time_since_death":8405,"minecraft:walk_one_cm":14419,"minecraft:total_world_time":8405,"minecraft:mob_kills":1,"minecraft:fly_one_cm":167927,"minecraft:fall_one_cm":418}},"DataVersion":3953}