{"stats":{"minecraft:broken":{"minecraft:stone_pickaxe":1},"minecraft:crafted":{"minecraft:crafting_table":1,"minecraft:stick":8,"minecraft:acacia_planks":16,"minecraft:torch":16},"minecraft:used":{"minecraft:stone_pickaxe":75,"minecraft:stone_axe":71,"minecraft:torch":1,"minecraft:cobblestone":68,"minecraft:crafting_table":1,"minecraft:acacia_planks":12},"minecraft:killed":{"minecraft:zombie":1},"minecraft:mined":{"minecraft:iron_ore":7,"minecraft:andesite":6,"minecraft:acacia_log":3,"minecraft:short_grass":2,"minecraft:coal_ore":22,"minecraft:oak_log":57,"minecraft:cobblestone":2,"minecraft:stone":38,"minecraft:oak_leaves":7},"minecraft:killed_by":{"minecraft:player":2},"minecraft:custom":{"minecraft:time_since_rest":15862,"minecraft:sprint_one_cm":51377,"minecraft:damage_taken":618,"minecraft:walk_one_cm":32537,"minecraft:mob_kills":1,"minecraft:damage_dealt":204,"minecraft:swim_one_cm":22404,"minecraft:interact_with_crafting_table":2,"minecraft:fly_one_cm":29275,"minecraft:player_kills":1,"minecraft:open_chest":1,"minecraft:crouch_one_cm":2334,"minecraft:play_time":19062,"minecraft:deaths":2,"minecraft:sneak_time":1408,"minecraft:walk_under_water_one_cm":3798,"minecraft:jump":248,"minecraft:leave_game":2,"minecraft:walk_on_water_one_cm":1674,"minecraft:time_since_death":15814,"minecraft:total_world_time":19062,"minecraft:fall_one_cm":3557,"minecraft:horse_one_cm":70},"minecraft:picked_up":{"minecraft:stick":1,"minecraft:raw_iron":7,"minecraft:andesite":41,"minecraft:acacia_log":50,"minecraft:wooden_pickaxe":3,"minecraft:oak_log":57,"minecraft:dirt":4,"minecraft:sniffer_egg":2,"minecraft:rotten_flesh":3,"minecraft:acacia_planks":38,"minecraft:stone_axe":2,"minecraft:wheat_seeds":1,"minecraft:granite":16,"minecraft:stone_pickaxe":2,"minecraft:cooked_chicken":60,"minecraft:coal":22,"minecraft:acacia_sapling":3,"minecraft:cobblestone":68}},"DataVersion":3953}