{"stats":{"minecraft:used":{"minecraft:acacia_boat":1,"minecraft:stone_sword":22,"minecraft:stone_pickaxe":86,"minecraft:wooden_pickaxe":3,"minecraft:cooked_chicken":1,"minecraft:rotten_flesh":3,"minecraft:torch":14,"minecraft:dirt":15,"minecraft:crafting_table":3,"minecraft:iron_pickaxe":18,"minecraft:stone_axe":31,"minecraft:cobblestone":21,"minecraft:furnace":2,"minecraft:cooked_porkchop":1,"minecraft:cooked_beef":1},"minecraft:killed":{"minecraft:pig":1,"minecraft:spider":1,"minecraft:creeper":1,"minecraft:sheep":1,"minecraft:skeleton":2,"minecraft:zombie":2,"minecraft:chicken":1,"minecraft:cow":1},"minecraft:custom":{"minecraft:interact_with_furnace":10,"minecraft:mob_kills":10,"minecraft:interact_with_crafting_table":11,"minecraft:leave_game":4,"minecraft:time_since_death":18215,"minecraft:climb_one_cm":20,"minecraft:time_since_rest":18272,"minecraft:sprint_one_cm":129118,"minecraft:damage_taken":2596,"minecraft:walk_one_cm":125096,"minecraft:damage_dealt":2161,"minecraft:fly_one_cm":143008,"minecraft:player_kills":1,"minecraft:crouch_one_cm":1382,"minecraft:play_time":55727,"minecraft:deaths":8,"minecraft:sneak_time":605,"minecraft:boat_one_cm":28577,"minecraft:jump":730,"minecraft:walk_on_water_one_cm":2773,"minecraft:total_world_time":55727,"minecraft:fall_one_cm":18830},"minecraft:killed_by":{"minecraft:player":4,"minecraft:skeleton":2,"minecraft:zombie":2},"minecraft:mined":{"minecraft:acacia_leaves":4,"minecraft:crafting_table":2,"minecraft:short_grass":24,"minecraft:acacia_log":7,"minecraft:grass_block":2,"minecraft:melon":7,"minecraft:copper_ore":4,"minecraft:wall_torch":1,"minecraft:furnace":2,"minecraft:iron_ore":7,"minecraft:oak_log":11,"minecraft:coal_ore":59,"minecraft:dirt":3,"minecraft:stone":30,"minecraft:oak_leaves":1,"minecraft:fern":2},"minecraft:crafted":{"minecraft:cooked_beef":1,"minecraft:cooked_porkchop":1,"minecraft:crafting_table":2,"minecraft:wooden_pickaxe":1,"minecraft:furnace":1,"minecraft:stone_axe":1,"minecraft:acacia_boat":1,"minecraft:stick":24,"minecraft:iron_ingot":6,"minecraft:iron_pickaxe":1,"minecraft:stone_pickaxe":1,"minecraft:stone_sword":1,"minecraft:acacia_planks":28,"minecraft:torch":60},"minecraft:picked_up":{"minecraft:crafting_table":2,"minecraft:feather":4,"minecraft:chicken":5,"minecraft:leather":1,"minecraft:oak_log":11,"minecraft:gunpowder":10,"minecraft:acacia_boat":1,"minecraft:dirt":129,"minecraft:string":8,"minecraft:raw_copper":12,"minecraft:bone":1,"minecraft:acacia_planks":12,"minecraft:wheat_seeds":17,"minecraft:beef":1,"minecraft:cooked_chicken":1,"minecraft:melon_slice":31,"minecraft:acacia_sapling":5,"minecraft:furnace":2,"minecraft:raw_iron":7,"minecraft:torch":1,"minecraft:acacia_log":17,"minecraft:porkchop":5,"minecraft:rotten_flesh":11,"minecraft:mutton":4,"minecraft:coal":78,"minecraft:cobblestone":55}},"DataVersion":3953}