{"stats":{"minecraft:custom":{"minecraft:time_since_rest":4304,"minecraft:interact_with_furnace":5,"minecraft:sprint_one_cm":3181,"minecraft:damage_taken":935,"minecraft:walk_one_cm":150972,"minecraft:mob_kills":8,"minecraft:damage_dealt":1191,"minecraft:interact_with_crafting_table":6,"minecraft:fly_one_cm":3189,"minecraft:crouch_one_cm":442,"minecraft:play_time":72527,"minecraft:deaths":3,"minecraft:sneak_time":99,"minecraft:walk_under_water_one_cm":4460,"minecraft:jump":223,"minecraft:leave_game":1,"minecraft:walk_on_water_one_cm":2315,"minecraft:time_since_death":4281,"minecraft:total_world_time":72527,"minecraft:fall_one_cm":3170},"minecraft:mined":{"minecraft:acacia_leaves":14,"minecraft:andesite":1,"minecraft:dandelion":3,"minecraft:azure_bluet":1,"minecraft:cornflower":3,"minecraft:poppy":1,"minecraft:grass":27,"minecraft:acacia_log":25,"minecraft:grass_block":10,"minecraft:coal_ore":36,"minecraft:dirt":14,"minecraft:tall_grass":4,"minecraft:stone":60,"minecraft:oxeye_daisy":2},"minecraft:killed_by":{"minecraft:skeleton":1,"minecraft:zombie":2},"minecraft:crafted":{"minecraft:wooden_sword":1,"minecraft:cooked_porkchop":6,"minecraft:crafting_table":2,"minecraft:stick":12,"minecraft:wooden_pickaxe":1,"minecraft:stone_pickaxe":1,"minecraft:wooden_axe":1,"minecraft:furnace":1,"minecraft:acacia_planks":76},"minecraft:used":{"minecraft:wooden_axe":35,"minecraft:stone_pickaxe":42,"minecraft:wooden_pickaxe":57,"minecraft:rotten_flesh":1,"minecraft:white_wool":1,"minecraft:wooden_sword":62,"minecraft:dirt":15,"minecraft:cobblestone":2,"minecraft:crafting_table":2,"minecraft:cooked_porkchop":1,"minecraft:furnace":1},"minecraft:killed":{"minecraft:sheep":1,"minecraft:pig":3,"cobblemon:pokemon":2,"minecraft:spider":2},"minecraft:picked_up":{"minecraft:azure_bluet":1,"minecraft:stick":3,"minecraft:chicken":1,"minecraft:feather":1,"minecraft:andesite":1,"minecraft:dandelion":3,"minecraft:acacia_log":24,"cobblemon:cheri_berry":1,"minecraft:porkchop":6,"minecraft:cornflower":2,"minecraft:dirt":23,"minecraft:spider_eye":4,"minecraft:string":3,"minecraft:rotten_flesh":1,"minecraft:bone":1,"minecraft:wheat_seeds":3,"minecraft:rabbit_hide":2,"minecraft:poppy":1,"minecraft:mutton":2,"minecraft:coal":36,"minecraft:acacia_sapling":1,"minecraft:white_wool":2,"minecraft:cobblestone":59,"minecraft:oxeye_daisy":2},"minecraft:broken":{"minecraft:wooden_pickaxe":1}},"DataVersion":3465}