{"stats":{"minecraft:crafted":{"minecraft:oak_planks":64,"minecraft:wooden_axe":1},"minecraft:used":{"minecraft:wooden_axe":27,"minecraft:crafting_table":1},"minecraft:killed":{"minecraft:sheep":6,"minecraft:zombie":1},"minecraft:mined":{"minecraft:short_grass":1,"minecraft:oak_log":33,"minecraft:tall_grass":1,"minecraft:oak_leaves":7,"minecraft:crafting_table":2},"minecraft:custom":{"minecraft:time_since_rest":9113,"minecraft:play_time":9113,"minecraft:sprint_one_cm":10065,"minecraft:damage_taken":85,"minecraft:walk_one_cm":34912,"minecraft:sneak_time":27,"minecraft:walk_under_water_one_cm":809,"minecraft:mob_kills":7,"minecraft:jump":147,"minecraft:damage_dealt":527,"minecraft:leave_game":1,"minecraft:time_since_death":9113,"minecraft:walk_on_water_one_cm":8794,"minecraft:total_world_time":9113,"minecraft:interact_with_crafting_table":1,"minecraft:swim_one_cm":5490,"minecraft:fall_one_cm":3379,"minecraft:fly_one_cm":8673},"minecraft:picked_up":{"minecraft:stick":4,"minecraft:crafting_table":2,"minecraft:oak_log":33,"minecraft:oak_sapling":1,"minecraft:mutton":7,"minecraft:white_wool":6}},"DataVersion":3953}