{"stats":{"minecraft:crafted":{"minecraft:oak_planks":132,"minecraft:stone_axe":1,"minecraft:stone_pickaxe":1,"minecraft:stick":8,"minecraft:wooden_pickaxe":1,"minecraft:wooden_axe":1},"minecraft:used":{"minecraft:stone_axe":10,"minecraft:wooden_axe":28,"minecraft:crafting_table":3,"minecraft:wooden_pickaxe":9},"minecraft:killed":{"minecraft:sheep":10,"minecraft:zombie":1},"minecraft:mined":{"minecraft:short_grass":2,"minecraft:oak_log":33,"minecraft:tall_grass":1,"minecraft:stone":9,"minecraft:fern":2,"minecraft:oak_leaves":8,"minecraft:crafting_table":4},"minecraft:custom":{"minecraft:time_since_rest":14737,"minecraft:play_time":14737,"minecraft:sprint_one_cm":13867,"minecraft:damage_taken":85,"minecraft:walk_one_cm":66991,"minecraft:sneak_time":27,"minecraft:walk_under_water_one_cm":873,"minecraft:mob_kills":11,"minecraft:jump":230,"minecraft:damage_dealt":847,"minecraft:leave_game":2,"minecraft:walk_on_water_one_cm":8908,"minecraft:time_since_death":14737,"minecraft:climb_one_cm":442,"minecraft:total_world_time":14737,"minecraft:interact_with_crafting_table":3,"minecraft:swim_one_cm":8912,"minecraft:fall_one_cm":3588,"minecraft:fly_one_cm":14412},"minecraft:picked_up":{"minecraft:stick":4,"minecraft:crafting_table":4,"minecraft:wheat_seeds":1,"minecraft:oak_log":33,"minecraft:oak_sapling":1,"minecraft:mutton":15,"minecraft:white_wool":10,"minecraft:cobblestone":9}},"DataVersion":3953}