{"stats":{"minecraft:killed":{"minecraft:sheep":2},"minecraft:mined":{"minecraft:tall_grass":1},"minecraft:custom":{"minecraft:jump":55,"minecraft:time_since_rest":1801,"minecraft:damage_dealt":160,"minecraft:sprint_one_cm":7797,"minecraft:play_time":1801,"minecraft:walk_on_water_one_cm":1198,"minecraft:time_since_death":1801,"minecraft:walk_one_cm":6453,"minecraft:sneak_time":3,"minecraft:total_world_time":1801,"minecraft:walk_under_water_one_cm":329,"minecraft:mob_kills":2,"minecraft:swim_one_cm":4022,"minecraft:fall_one_cm":2415,"minecraft:fly_one_cm":6487},"minecraft:picked_up":{"minecraft:mutton":2,"minecraft:white_wool":2}},"DataVersion":3953}