{"stats":{"minecraft:killed":{"minecraft:chicken":1,"minecraft:tropical_fish":1,"minecraft:cow":1,"minecraft:pufferfish":1},"minecraft:custom":{"minecraft:time_since_rest":27046,"minecraft:interact_with_furnace":10,"minecraft:sprint_one_cm":27156,"minecraft:damage_taken":716,"minecraft:walk_one_cm":100700,"minecraft:mob_kills":4,"minecraft:drop":4,"minecraft:damage_dealt":500,"minecraft:swim_one_cm":50828,"minecraft:interact_with_crafting_table":10,"minecraft:fly_one_cm":17369,"minecraft:crouch_one_cm":907,"minecraft:play_time":35167,"minecraft:deaths":2,"minecraft:sneak_time":1102,"minecraft:walk_under_water_one_cm":43716,"minecraft:jump":244,"minecraft:walk_on_water_one_cm":42017,"minecraft:time_since_death":26972,"minecraft:total_world_time":35167,"minecraft:fall_one_cm":3269},"minecraft:picked_up":{"minecraft:magma_block":7,"minecraft:stick":1,"minecraft:crafting_table":6,"minecraft:chicken":1,"minecraft:leather":2,"minecraft:torch":3,"minecraft:acacia_log":18,"minecraft:sand":1,"minecraft:dirt":8,"minecraft:pufferfish":1,"minecraft:rotten_flesh":2,"minecraft:acacia_planks":19,"minecraft:tropical_fish":2,"minecraft:kelp":4,"minecraft:wheat_seeds":1,"minecraft:beef":3,"minecraft:coal":61,"minecraft:acacia_sapling":3,"minecraft:raw_iron":3,"minecraft:cobblestone":29,"minecraft:furnace":4},"minecraft:killed_by":{"minecraft:player":1,"minecraft:enderman":1},"minecraft:dropped":{"minecraft:dirt":1,"minecraft:kelp":1,"minecraft:wheat_seeds":1,"minecraft:acacia_sapling":1},"minecraft:used":{"minecraft:wooden_axe":19,"minecraft:stone_sword":19,"minecraft:stone_pickaxe":53,"minecraft:wooden_pickaxe":33,"minecraft:cooked_chicken":1,"minecraft:rotten_flesh":2,"minecraft:stone_axe":3,"minecraft:torch":7,"minecraft:cobblestone":17,"minecraft:crafting_table":4,"minecraft:furnace":3,"minecraft:campfire":1},"minecraft:crafted":{"minecraft:wooden_sword":1,"minecraft:stone_shovel":1,"minecraft:acacia_wood":3,"minecraft:charcoal":4,"minecraft:stick":24,"minecraft:cooked_chicken":1,"minecraft:wooden_pickaxe":2,"minecraft:stone_pickaxe":1,"minecraft:wooden_axe":1,"minecraft:stone_sword":1,"minecraft:acacia_planks":24,"minecraft:torch":16,"minecraft:campfire":1,"minecraft:stone_axe":1},"minecraft:mined":{"minecraft:magma_block":7,"minecraft:tall_seagrass":1,"minecraft:acacia_leaves":3,"minecraft:furnace":4,"minecraft:kelp_plant":1,"minecraft:iron_ore":3,"minecraft:crafting_table":6,"minecraft:short_grass":13,"minecraft:acacia_log":18,"minecraft:coal_ore":35,"minecraft:grass_block":6,"minecraft:dirt":2,"minecraft:sand":1,"minecraft:cobblestone":1,"minecraft:stone":28,"minecraft:wall_torch":3}},"DataVersion":3953}