{"stats":{"minecraft:broken":{"minecraft:iron_pickaxe":1},"minecraft:crafted":{"minecraft:oak_planks":16,"minecraft:stick":32,"minecraft:iron_ingot":6,"minecraft:iron_pickaxe":2,"minecraft:iron_sword":1,"minecraft:torch":52},"minecraft:used":{"minecraft:iron_pickaxe":258,"minecraft:iron_sword":2,"minecraft:torch":17,"minecraft:cooked_porkchop":1},"minecraft:mined":{"minecraft:iron_ore":6,"minecraft:andesite":2,"minecraft:granite":7,"minecraft:coal_ore":17,"minecraft:dirt":4,"minecraft:copper_ore":36,"minecraft:lapis_ore":1,"minecraft:stone":161,"minecraft:diorite":19,"minecraft:deepslate":5},"minecraft:custom":{"minecraft:time_since_rest":14079,"minecraft:interact_with_furnace":3,"minecraft:sprint_one_cm":27870,"minecraft:damage_taken":30,"minecraft:walk_one_cm":34161,"minecraft:damage_dealt":106,"minecraft:swim_one_cm":23187,"minecraft:interact_with_crafting_table":3,"minecraft:fly_one_cm":19394,"minecraft:crouch_one_cm":12,"minecraft:play_time":14079,"minecraft:walk_under_water_one_cm":1540,"minecraft:jump":172,"minecraft:leave_game":2,"minecraft:time_since_death":14079,"minecraft:walk_on_water_one_cm":4640,"minecraft:total_world_time":14079,"minecraft:fall_one_cm":1885},"minecraft:picked_up":{"minecraft:raw_iron":6,"minecraft:cooked_porkchop":8,"minecraft:andesite":2,"minecraft:oak_log":4,"minecraft:diorite":21,"minecraft:lapis_lazuli":8,"minecraft:dirt":8,"minecraft:raw_copper":133,"minecraft:cobbled_deepslate":5,"minecraft:iron_ingot":9,"minecraft:granite":7,"minecraft:coal":17,"minecraft:cobblestone":225}},"DataVersion":3953}