{"stats":{"minecraft:crafted":{"minecraft:iron_sword":1,"minecraft:oak_planks":16,"minecraft:torch":52,"minecraft:stick":16,"minecraft:iron_pickaxe":1},"minecraft:used":{"minecraft:torch":5,"minecraft:iron_pickaxe":33},"minecraft:mined":{"minecraft:coal_ore":17,"minecraft:stone":11,"minecraft:deepslate":5},"minecraft:custom":{"minecraft:time_since_rest":5595,"minecraft:interact_with_furnace":1,"minecraft:play_time":5595,"minecraft:sprint_one_cm":11897,"minecraft:damage_taken":30,"minecraft:walk_one_cm":11336,"minecraft:walk_under_water_one_cm":919,"minecraft:jump":76,"minecraft:leave_game":1,"minecraft:time_since_death":5595,"minecraft:walk_on_water_one_cm":2008,"minecraft:total_world_time":5595,"minecraft:interact_with_crafting_table":1,"minecraft:swim_one_cm":12488,"minecraft:fall_one_cm":1047,"minecraft:fly_one_cm":11778},"minecraft:picked_up":{"minecraft:cooked_porkchop":8,"minecraft:cobbled_deepslate":5,"minecraft:iron_ingot":9,"minecraft:oak_log":4,"minecraft:coal":17,"minecraft:cobblestone":75}},"DataVersion":3953}