{"stats":{"minecraft:crafted":{"minecraft:cooked_beef":3,"minecraft:wooden_sword":1,"minecraft:oak_planks":44,"minecraft:wooden_shovel":1,"minecraft:cooked_porkchop":1,"minecraft:crafting_table":3,"minecraft:cooked_chicken":3,"minecraft:wooden_pickaxe":2,"minecraft:iron_sword":1,"minecraft:furnace":2,"minecraft:bucket":1,"minecraft:bone_meal":6,"minecraft:acacia_boat":1,"minecraft:bread":1,"minecraft:cooked_mutton":1,"minecraft:stick":20,"minecraft:iron_ingot":9,"minecraft:iron_pickaxe":1,"minecraft:stone_pickaxe":1,"minecraft:stone_sword":1,"minecraft:acacia_planks":32,"minecraft:torch":20},"minecraft:used":{"minecraft:wheat_seeds":18,"minecraft:acacia_boat":1,"minecraft:cooked_mutton":1,"minecraft:diorite":8,"minecraft:stone_sword":42,"minecraft:stone_pickaxe":40,"minecraft:wooden_pickaxe":20,"minecraft:iron_sword":71,"minecraft:wooden_shovel":9,"minecraft:cooked_chicken":3,"minecraft:rotten_flesh":4,"minecraft:torch":25,"minecraft:golden_apple":1,"minecraft:dirt":4,"minecraft:sand":1,"minecraft:mutton":1,"minecraft:crafting_table":7,"minecraft:acacia_sapling":3,"minecraft:granite":2,"minecraft:tuff":9,"minecraft:mud":1,"minecraft:bread":1,"minecraft:iron_pickaxe":125,"minecraft:cobblestone":29,"minecraft:cooked_porkchop":1,"minecraft:furnace":3,"minecraft:porkchop":2,"minecraft:sea_pickle":2,"minecraft:cooked_beef":1,"minecraft:cobbled_deepslate":49,"minecraft:bone_meal":2},"minecraft:killed":{"minecraft:husk":2,"minecraft:pig":2,"minecraft:zombie_villager":1,"minecraft:spider":7,"minecraft:creeper":2,"minecraft:sheep":4,"minecraft:skeleton":1,"minecraft:zombie":5,"minecraft:chicken":4,"minecraft:cow":1},"minecraft:mined":{"minecraft:deepslate_redstone_ore":9,"minecraft:tuff":9,"minecraft:acacia_leaves":1,"minecraft:deepslate_diamond_ore":7,"minecraft:mangrove_roots":1,"minecraft:crafting_table":6,"minecraft:torch":14,"minecraft:glow_lichen":2,"minecraft:granite":2,"minecraft:short_grass":34,"minecraft:acacia_log":8,"minecraft:diorite":8,"minecraft:wall_torch":9,"minecraft:spawner":1,"minecraft:furnace":3,"minecraft:mud":1,"minecraft:wheat":5,"minecraft:sea_pickle":1,"minecraft:iron_ore":5,"minecraft:cobbled_deepslate":1,"minecraft:deepslate_lapis_ore":4,"minecraft:oak_log":11,"minecraft:coal_ore":24,"minecraft:sand":6,"minecraft:dirt":5,"minecraft:stone":61,"minecraft:deepslate":50,"minecraft:fern":1},"minecraft:killed_by":{"minecraft:zombie":1},"minecraft:custom":{"minecraft:interact_with_furnace":18,"minecraft:mob_kills":29,"minecraft:interact_with_crafting_table":19,"minecraft:bell_ring":10,"minecraft:leave_game":3,"minecraft:sleep_in_bed":1,"minecraft:time_since_death":6828,"minecraft:time_since_rest":6867,"minecraft:sprint_one_cm":147728,"minecraft:damage_absorbed":30,"minecraft:damage_taken":1741,"minecraft:walk_one_cm":360504,"minecraft:drop":65,"minecraft:damage_dealt":4529,"minecraft:talked_to_villager":1,"minecraft:swim_one_cm":19311,"minecraft:fly_one_cm":91953,"minecraft:open_chest":7,"minecraft:crouch_one_cm":596,"minecraft:play_time":97289,"minecraft:deaths":3,"minecraft:sneak_time":299,"minecraft:walk_under_water_one_cm":3825,"minecraft:boat_one_cm":62525,"minecraft:jump":1275,"minecraft:walk_on_water_one_cm":17036,"minecraft:total_world_time":97289,"minecraft:fall_one_cm":27773},"minecraft:picked_up":{"minecraft:wheat":5,"minecraft:chicken":3,"minecraft:crafting_table":7,"minecraft:feather":6,"minecraft:leather":2,"minecraft:wooden_pickaxe":2,"minecraft:tuff":9,"minecraft:oak_log":11,"minecraft:gunpowder":3,"minecraft:acacia_boat":2,"minecraft:dirt":4,"minecraft:lapis_lazuli":45,"minecraft:string":22,"minecraft:bone":9,"minecraft:acacia_planks":7,"minecraft:sea_pickle":2,"minecraft:bow":3,"minecraft:wheat_seeds":20,"minecraft:cobbled_deepslate":49,"minecraft:iron_ingot":4,"minecraft:beef":3,"minecraft:cooked_chicken":1,"minecraft:iron_pickaxe":2,"minecraft:acacia_sapling":3,"minecraft:oak_planks":38,"minecraft:iron_sword":3,"minecraft:furnace":4,"minecraft:raw_iron":9,"minecraft:torch":40,"minecraft:acacia_log":8,"minecraft:sand":6,"minecraft:porkchop":3,"minecraft:diorite":8,"minecraft:redstone":88,"minecraft:spider_eye":4,"minecraft:arrow":3,"minecraft:rotten_flesh":8,"minecraft:diamond":18,"minecraft:beetroot_seeds":2,"minecraft:granite":2,"minecraft:armadillo_scute":1,"minecraft:bone_meal":8,"minecraft:mutton":3,"minecraft:coal":48,"minecraft:white_wool":5,"minecraft:cobblestone":74,"minecraft:mud":1},"minecraft:dropped":{"minecraft:iron_sword":1,"minecraft:wheat_seeds":2,"minecraft:oak_planks":50,"minecraft:coal":7,"minecraft:mutton":1,"minecraft:beetroot_seeds":1,"minecraft:string":1,"minecraft:white_wool":2}},"DataVersion":3953}