{"stats":{"minecraft:crafted":{"minecraft:cooked_beef":3,"minecraft:wooden_sword":1,"minecraft:oak_planks":44,"minecraft:wooden_shovel":1,"minecraft:crafting_table":2,"minecraft:wooden_pickaxe":2,"minecraft:iron_sword":1,"minecraft:furnace":1,"minecraft:bread":1,"minecraft:cooked_mutton":1,"minecraft:stick":20,"minecraft:iron_ingot":5,"minecraft:iron_pickaxe":1,"minecraft:stone_pickaxe":1,"minecraft:stone_sword":1,"minecraft:acacia_planks":20,"minecraft:torch":20},"minecraft:used":{"minecraft:cooked_mutton":1,"minecraft:stone_sword":42,"minecraft:stone_pickaxe":40,"minecraft:wooden_pickaxe":20,"minecraft:iron_sword":29,"minecraft:wooden_shovel":9,"minecraft:rotten_flesh":4,"minecraft:torch":17,"minecraft:golden_apple":1,"minecraft:crafting_table":4,"minecraft:acacia_sapling":3,"minecraft:tuff":9,"minecraft:bread":1,"minecraft:iron_pickaxe":88,"minecraft:cobblestone":13,"minecraft:furnace":2,"minecraft:porkchop":2,"minecraft:cooked_beef":1,"minecraft:cobbled_deepslate":45},"minecraft:killed":{"minecraft:pig":1,"minecraft:zombie_villager":1,"minecraft:spider":6,"minecraft:creeper":1,"minecraft:sheep":3,"minecraft:skeleton":1,"minecraft:zombie":4,"minecraft:cow":1},"minecraft:mined":{"minecraft:deepslate_redstone_ore":9,"minecraft:tuff":9,"minecraft:acacia_leaves":1,"minecraft:deepslate_diamond_ore":7,"minecraft:crafting_table":3,"minecraft:torch":8,"minecraft:glow_lichen":1,"minecraft:short_grass":25,"minecraft:acacia_log":5,"minecraft:spawner":1,"minecraft:furnace":2,"minecraft:iron_ore":1,"minecraft:cobbled_deepslate":1,"minecraft:deepslate_lapis_ore":4,"minecraft:oak_log":11,"minecraft:coal_ore":24,"minecraft:sand":5,"minecraft:dirt":1,"minecraft:stone":39,"minecraft:deepslate":50,"minecraft:fern":1},"minecraft:custom":{"minecraft:interact_with_furnace":11,"minecraft:mob_kills":18,"minecraft:interact_with_crafting_table":13,"minecraft:leave_game":2,"minecraft:time_since_death":31042,"minecraft:time_since_rest":31082,"minecraft:sprint_one_cm":70129,"minecraft:damage_absorbed":30,"minecraft:damage_taken":1159,"minecraft:walk_one_cm":238051,"minecraft:drop":49,"minecraft:damage_dealt":2905,"minecraft:swim_one_cm":12874,"minecraft:fly_one_cm":40493,"minecraft:open_chest":7,"minecraft:crouch_one_cm":596,"minecraft:play_time":59977,"minecraft:deaths":1,"minecraft:sneak_time":273,"minecraft:walk_under_water_one_cm":884,"minecraft:jump":678,"minecraft:walk_on_water_one_cm":11268,"minecraft:total_world_time":59977,"minecraft:fall_one_cm":19688},"minecraft:picked_up":{"minecraft:crafting_table":3,"minecraft:leather":2,"minecraft:tuff":9,"minecraft:oak_log":11,"minecraft:gunpowder":1,"minecraft:lapis_lazuli":15,"minecraft:string":8,"minecraft:bone":1,"minecraft:bow":1,"minecraft:wheat_seeds":1,"minecraft:cobbled_deepslate":49,"minecraft:beef":3,"minecraft:acacia_sapling":3,"minecraft:oak_planks":21,"minecraft:iron_sword":1,"minecraft:furnace":2,"minecraft:raw_iron":1,"minecraft:torch":8,"minecraft:acacia_log":5,"minecraft:sand":5,"minecraft:porkchop":2,"minecraft:redstone":40,"minecraft:spider_eye":2,"minecraft:arrow":1,"minecraft:rotten_flesh":4,"minecraft:diamond":6,"minecraft:armadillo_scute":1,"minecraft:mutton":1,"minecraft:coal":24,"minecraft:white_wool":2,"minecraft:cobblestone":39},"minecraft:dropped":{"minecraft:iron_sword":1,"minecraft:wheat_seeds":1,"minecraft:oak_planks":37,"minecraft:coal":7,"minecraft:string":1,"minecraft:white_wool":2}},"DataVersion":3953}