{"stats":{"minecraft:crafted":{"minecraft:cooked_beef":3,"minecraft:wooden_sword":1,"minecraft:oak_planks":44,"minecraft:wooden_shovel":1,"minecraft:crafting_table":2,"minecraft:wooden_pickaxe":2,"minecraft:iron_sword":1,"minecraft:furnace":1,"minecraft:bone_meal":6,"minecraft:bread":1,"minecraft:cooked_mutton":1,"minecraft:stick":20,"minecraft:iron_ingot":5,"minecraft:iron_pickaxe":1,"minecraft:stone_pickaxe":1,"minecraft:stone_sword":1,"minecraft:acacia_planks":20,"minecraft:torch":20},"minecraft:used":{"minecraft:cooked_mutton":1,"minecraft:diorite":8,"minecraft:stone_sword":42,"minecraft:stone_pickaxe":40,"minecraft:wooden_pickaxe":20,"minecraft:iron_sword":39,"minecraft:wooden_shovel":9,"minecraft:rotten_flesh":4,"minecraft:torch":25,"minecraft:golden_apple":1,"minecraft:dirt":4,"minecraft:crafting_table":4,"minecraft:acacia_sapling":3,"minecraft:granite":2,"minecraft:tuff":9,"minecraft:bread":1,"minecraft:iron_pickaxe":124,"minecraft:cobblestone":29,"minecraft:furnace":2,"minecraft:porkchop":2,"minecraft:cooked_beef":1,"minecraft:cobbled_deepslate":49,"minecraft:bone_meal":2},"minecraft:killed":{"minecraft:pig":1,"minecraft:zombie_villager":1,"minecraft:spider":6,"minecraft:creeper":1,"minecraft:sheep":4,"minecraft:skeleton":1,"minecraft:zombie":5,"minecraft:cow":1},"minecraft:mined":{"minecraft:deepslate_redstone_ore":9,"minecraft:tuff":9,"minecraft:acacia_leaves":1,"minecraft:deepslate_diamond_ore":7,"minecraft:crafting_table":3,"minecraft:torch":14,"minecraft:glow_lichen":2,"minecraft:granite":2,"minecraft:short_grass":27,"minecraft:acacia_log":5,"minecraft:diorite":8,"minecraft:wall_torch":9,"minecraft:spawner":1,"minecraft:furnace":2,"minecraft:iron_ore":5,"minecraft:cobbled_deepslate":1,"minecraft:deepslate_lapis_ore":4,"minecraft:oak_log":11,"minecraft:coal_ore":24,"minecraft:sand":5,"minecraft:dirt":5,"minecraft:stone":61,"minecraft:deepslate":50,"minecraft:fern":1},"minecraft:custom":{"minecraft:interact_with_furnace":11,"minecraft:mob_kills":20,"minecraft:interact_with_crafting_table":15,"minecraft:leave_game":2,"minecraft:time_since_death":43042,"minecraft:time_since_rest":43082,"minecraft:sprint_one_cm":74901,"minecraft:damage_absorbed":30,"minecraft:damage_taken":1366,"minecraft:walk_one_cm":299680,"minecraft:drop":50,"minecraft:damage_dealt":3305,"minecraft:swim_one_cm":15882,"minecraft:fly_one_cm":43781,"minecraft:open_chest":7,"minecraft:crouch_one_cm":596,"minecraft:play_time":71977,"minecraft:deaths":1,"minecraft:sneak_time":282,"minecraft:walk_under_water_one_cm":3377,"minecraft:jump":913,"minecraft:walk_on_water_one_cm":15363,"minecraft:total_world_time":71977,"minecraft:fall_one_cm":21277},"minecraft:picked_up":{"minecraft:crafting_table":3,"minecraft:leather":2,"minecraft:tuff":9,"minecraft:oak_log":11,"minecraft:gunpowder":1,"minecraft:dirt":4,"minecraft:lapis_lazuli":15,"minecraft:string":8,"minecraft:bone":1,"minecraft:bow":1,"minecraft:wheat_seeds":1,"minecraft:cobbled_deepslate":49,"minecraft:beef":3,"minecraft:acacia_sapling":3,"minecraft:oak_planks":21,"minecraft:iron_sword":1,"minecraft:furnace":2,"minecraft:raw_iron":5,"minecraft:torch":22,"minecraft:acacia_log":5,"minecraft:sand":5,"minecraft:porkchop":2,"minecraft:diorite":8,"minecraft:redstone":40,"minecraft:spider_eye":2,"minecraft:arrow":1,"minecraft:rotten_flesh":4,"minecraft:diamond":6,"minecraft:granite":2,"minecraft:armadillo_scute":1,"minecraft:mutton":3,"minecraft:coal":24,"minecraft:white_wool":3,"minecraft:cobblestone":64},"minecraft:dropped":{"minecraft:iron_sword":1,"minecraft:wheat_seeds":1,"minecraft:oak_planks":37,"minecraft:coal":7,"minecraft:mutton":1,"minecraft:string":1,"minecraft:white_wool":2}},"DataVersion":3953}