{"stats":{"minecraft:crafted":{"minecraft:cooked_beef":1,"minecraft:crafting_table":1,"minecraft:stick":16,"minecraft:wooden_pickaxe":1,"minecraft:iron_pickaxe":1,"minecraft:iron_ingot":5,"minecraft:stone_pickaxe":1,"minecraft:wooden_axe":1,"minecraft:acacia_planks":28,"minecraft:torch":16,"minecraft:stone_axe":1,"minecraft:air":0},"minecraft:used":{"minecraft:cooked_mutton":2,"minecraft:wooden_axe":2,"minecraft:stone_pickaxe":78,"minecraft:iron_pickaxe":143,"minecraft:wooden_pickaxe":7,"minecraft:rotten_flesh":2,"minecraft:stone_axe":119,"minecraft:torch":11,"minecraft:sand":1,"minecraft:crafting_table":4,"minecraft:cooked_beef":1,"minecraft:acacia_planks":12},"minecraft:killed":{"minecraft:zombie":3,"minecraft:cow":1},"minecraft:mined":{"minecraft:tuff":8,"minecraft:iron_ore":5,"minecraft:jungle_leaves":1,"minecraft:crafting_table":4,"minecraft:torch":1,"minecraft:short_grass":13,"minecraft:acacia_log":7,"minecraft:coal_ore":63,"minecraft:oak_log":110,"minecraft:sand":1,"minecraft:acacia_planks":3,"minecraft:deepslate_gold_ore":8,"minecraft:stone":17,"minecraft:diorite":1,"minecraft:oak_leaves":2,"minecraft:deepslate":126},"minecraft:custom":{"minecraft:time_since_rest":21452,"minecraft:interact_with_furnace":8,"minecraft:sprint_one_cm":39086,"minecraft:damage_taken":361,"minecraft:walk_one_cm":103199,"minecraft:mob_kills":4,"minecraft:drop":1,"minecraft:damage_dealt":536,"minecraft:swim_one_cm":9384,"minecraft:interact_with_crafting_table":5,"minecraft:fly_one_cm":42979,"minecraft:crouch_one_cm":11974,"minecraft:play_time":42660,"minecraft:sneak_time":5205,"minecraft:walk_under_water_one_cm":14963,"minecraft:jump":422,"minecraft:leave_game":3,"minecraft:walk_on_water_one_cm":17972,"minecraft:time_since_death":42660,"minecraft:sleep_in_bed":1,"minecraft:total_world_time":42660,"minecraft:climb_one_cm":497,"minecraft:fall_one_cm":9553},"minecraft:picked_up":{"minecraft:crafting_table":4,"minecraft:raw_iron":5,"minecraft:leather":1,"minecraft:torch":1,"minecraft:acacia_log":7,"minecraft:sand":1,"minecraft:tuff":3,"minecraft:oak_log":108,"minecraft:diorite":1,"minecraft:cooked_mutton":2,"minecraft:arrow":1,"minecraft:bone":1,"minecraft:acacia_planks":3,"minecraft:rotten_flesh":2,"minecraft:wheat_seeds":1,"minecraft:cobbled_deepslate":139,"minecraft:raw_gold":8,"minecraft:beef":1,"minecraft:oak_sapling":1,"minecraft:coal":70,"minecraft:iron_sword":1,"minecraft:cobblestone":17},"minecraft:dropped":{"minecraft:wheat_seeds":1}},"DataVersion":3953}