{"stats":{"minecraft:broken":{"minecraft:stone_pickaxe":1,"minecraft:iron_pickaxe":2},"minecraft:crafted":{"minecraft:cooked_beef":12,"minecraft:oak_planks":4,"minecraft:cooked_porkchop":10,"minecraft:crafting_table":3,"minecraft:wooden_pickaxe":1,"minecraft:furnace":2,"minecraft:stone_axe":1,"minecraft:acacia_boat":1,"minecraft:air":0,"minecraft:jungle_planks":4,"minecraft:iron_chestplate":1,"minecraft:stick":8,"minecraft:iron_ingot":34,"minecraft:iron_pickaxe":3,"minecraft:stone_pickaxe":1,"minecraft:stone_sword":1,"minecraft:iron_leggings":1,"minecraft:white_bed":2,"minecraft:acacia_planks":48,"minecraft:torch":28},"minecraft:used":{"minecraft:acacia_boat":1,"minecraft:stone_sword":50,"minecraft:acacia_log":1,"minecraft:redstone":1,"minecraft:stone_pickaxe":132,"minecraft:wooden_pickaxe":8,"minecraft:iron_chestplate":1,"minecraft:torch":35,"minecraft:dirt":6,"minecraft:cocoa_beans":3,"minecraft:crafting_table":6,"minecraft:white_bed":2,"minecraft:iron_pickaxe":511,"minecraft:stone_axe":61,"minecraft:cobblestone":6,"minecraft:furnace":4,"minecraft:cooked_porkchop":4,"minecraft:andesite":3,"minecraft:cooked_beef":3,"minecraft:cobbled_deepslate":6,"minecraft:acacia_planks":17},"minecraft:killed":{"minecraft:pig":7,"minecraft:spider":1,"minecraft:creeper":1,"minecraft:skeleton":2,"minecraft:sheep":6,"minecraft:zombie":8,"minecraft:cow":5},"minecraft:mined":{"minecraft:deepslate_redstone_ore":22,"minecraft:tuff":35,"minecraft:acacia_leaves":1,"minecraft:deepslate_diamond_ore":4,"minecraft:jungle_leaves":21,"minecraft:crafting_table":3,"minecraft:torch":4,"minecraft:short_grass":9,"minecraft:acacia_log":13,"minecraft:grass_block":2,"minecraft:jungle_log":17,"minecraft:redstone_wire":1,"minecraft:deepslate_gold_ore":5,"minecraft:sugar_cane":3,"minecraft:diorite":2,"minecraft:furnace":3,"minecraft:iron_ore":34,"minecraft:andesite":3,"minecraft:oak_log":5,"minecraft:coal_ore":94,"minecraft:vine":2,"minecraft:gravel":10,"minecraft:dirt":4,"minecraft:acacia_planks":3,"minecraft:stone":107,"minecraft:bone_block":10,"minecraft:deepslate":330,"minecraft:fern":3},"minecraft:custom":{"minecraft:interact_with_furnace":31,"minecraft:mob_kills":31,"minecraft:interact_with_crafting_table":17,"minecraft:leave_game":1,"minecraft:time_since_death":73342,"minecraft:climb_one_cm":2266,"minecraft:time_since_rest":73342,"minecraft:sprint_one_cm":134845,"minecraft:damage_taken":426,"minecraft:walk_one_cm":135962,"minecraft:drop":15,"minecraft:damage_dealt":3920,"minecraft:swim_one_cm":4824,"minecraft:fly_one_cm":154324,"minecraft:crouch_one_cm":2569,"minecraft:play_time":73342,"minecraft:sneak_time":2215,"minecraft:walk_under_water_one_cm":7673,"minecraft:boat_one_cm":13243,"minecraft:jump":1132,"minecraft:walk_on_water_one_cm":19436,"minecraft:total_world_time":73342,"minecraft:fall_one_cm":26267},"minecraft:picked_up":{"minecraft:cocoa_beans":3,"minecraft:crafting_table":3,"minecraft:jungle_log":17,"minecraft:glow_ink_sac":3,"minecraft:andesite":3,"minecraft:leather":6,"minecraft:tuff":70,"minecraft:oak_log":5,"minecraft:gunpowder":1,"minecraft:acacia_boat":1,"minecraft:dirt":6,"minecraft:string":2,"minecraft:bone":3,"minecraft:acacia_planks":4,"minecraft:wheat_seeds":2,"minecraft:cobbled_deepslate":288,"minecraft:raw_gold":5,"minecraft:beef":12,"minecraft:jungle_sapling":4,"minecraft:sugar_cane":8,"minecraft:acacia_sapling":4,"minecraft:furnace":3,"minecraft:stick":12,"minecraft:raw_iron":34,"minecraft:cooked_porkchop":2,"minecraft:torch":9,"minecraft:acacia_log":13,"minecraft:gravel":10,"minecraft:porkchop":12,"minecraft:diorite":2,"minecraft:redstone":99,"minecraft:spider_eye":1,"minecraft:rotten_flesh":8,"minecraft:arrow":5,"minecraft:diamond":4,"minecraft:armadillo_scute":1,"minecraft:oak_sapling":1,"minecraft:bone_block":10,"minecraft:mutton":9,"minecraft:coal":94,"minecraft:white_wool":6,"minecraft:cobblestone":106},"minecraft:dropped":{"minecraft:gravel":10,"minecraft:iron_ingot":9,"minecraft:wheat_seeds":2,"minecraft:oak_log":4,"minecraft:cobbled_deepslate":10,"minecraft:tuff":70,"minecraft:cooked_porkchop":8,"minecraft:cobblestone":64,"minecraft:diorite":2,"minecraft:spider_eye":1,"minecraft:armadillo_scute":1,"minecraft:wooden_pickaxe":1}},"DataVersion":3953}