{"stats":{"minecraft:broken":{"minecraft:stone_pickaxe":1,"minecraft:iron_pickaxe":3},"minecraft:crafted":{"minecraft:cooked_beef":12,"minecraft:oak_planks":4,"minecraft:cooked_porkchop":10,"minecraft:crafting_table":3,"minecraft:wooden_pickaxe":1,"minecraft:furnace":2,"minecraft:stone_axe":1,"minecraft:acacia_boat":1,"minecraft:air":0,"minecraft:jungle_planks":4,"minecraft:iron_chestplate":1,"minecraft:stick":24,"minecraft:iron_ingot":34,"minecraft:iron_pickaxe":3,"minecraft:stone_pickaxe":2,"minecraft:stone_sword":1,"minecraft:iron_leggings":1,"minecraft:white_bed":2,"minecraft:acacia_planks":48,"minecraft:torch":60},"minecraft:used":{"minecraft:acacia_boat":1,"minecraft:stone_sword":54,"minecraft:acacia_log":1,"minecraft:redstone":2,"minecraft:stone_pickaxe":159,"minecraft:wooden_pickaxe":8,"minecraft:iron_chestplate":1,"minecraft:torch":67,"minecraft:dirt":6,"minecraft:cocoa_beans":3,"minecraft:crafting_table":6,"minecraft:white_bed":2,"minecraft:string":2,"minecraft:iron_pickaxe":752,"minecraft:stone_axe":66,"minecraft:cobblestone":6,"minecraft:furnace":5,"minecraft:cooked_porkchop":4,"minecraft:andesite":3,"minecraft:cooked_beef":5,"minecraft:cobbled_deepslate":124,"minecraft:acacia_planks":17},"minecraft:killed":{"minecraft:pig":7,"minecraft:spider":1,"minecraft:creeper":2,"minecraft:skeleton":4,"minecraft:sheep":6,"minecraft:zombie":8,"minecraft:cow":5},"minecraft:mined":{"minecraft:deepslate_redstone_ore":34,"minecraft:tuff":55,"minecraft:acacia_leaves":1,"minecraft:deepslate_diamond_ore":9,"minecraft:jungle_leaves":21,"minecraft:crafting_table":4,"minecraft:torch":8,"minecraft:short_grass":9,"minecraft:acacia_log":13,"minecraft:grass_block":2,"minecraft:jungle_log":17,"minecraft:redstone_wire":2,"minecraft:deepslate_gold_ore":5,"minecraft:sugar_cane":3,"minecraft:diorite":2,"minecraft:wall_torch":4,"minecraft:furnace":4,"minecraft:iron_ore":34,"minecraft:cobbled_deepslate":3,"minecraft:andesite":3,"minecraft:deepslate_iron_ore":1,"minecraft:oak_log":5,"minecraft:coal_ore":94,"minecraft:vine":2,"minecraft:gravel":10,"minecraft:dirt":4,"minecraft:acacia_planks":3,"minecraft:stone":107,"minecraft:bone_block":10,"minecraft:deepslate":555,"minecraft:fern":3},"minecraft:custom":{"minecraft:interact_with_furnace":33,"minecraft:mob_kills":34,"minecraft:interact_with_crafting_table":23,"minecraft:leave_game":1,"minecraft:time_since_death":91342,"minecraft:climb_one_cm":2266,"minecraft:time_since_rest":91342,"minecraft:sprint_one_cm":212479,"minecraft:damage_taken":610,"minecraft:walk_one_cm":183597,"minecraft:drop":20,"minecraft:damage_dealt":4520,"minecraft:swim_one_cm":4824,"minecraft:fly_one_cm":195040,"minecraft:crouch_one_cm":4687,"minecraft:play_time":91342,"minecraft:sneak_time":2903,"minecraft:walk_under_water_one_cm":7673,"minecraft:boat_one_cm":13243,"minecraft:jump":1499,"minecraft:walk_on_water_one_cm":21272,"minecraft:total_world_time":91342,"minecraft:fall_one_cm":30767},"minecraft:picked_up":{"minecraft:cocoa_beans":3,"minecraft:crafting_table":4,"minecraft:jungle_log":17,"minecraft:glow_ink_sac":3,"minecraft:andesite":3,"minecraft:leather":6,"minecraft:tuff":90,"minecraft:oak_log":5,"minecraft:gunpowder":1,"minecraft:acacia_boat":1,"minecraft:dirt":6,"minecraft:string":4,"minecraft:bone":6,"minecraft:acacia_planks":4,"minecraft:wheat_seeds":2,"minecraft:cobbled_deepslate":508,"minecraft:raw_gold":5,"minecraft:beef":12,"minecraft:jungle_sapling":4,"minecraft:sugar_cane":8,"minecraft:acacia_sapling":4,"minecraft:furnace":4,"minecraft:stick":14,"minecraft:raw_iron":35,"minecraft:cooked_porkchop":2,"minecraft:torch":18,"minecraft:acacia_log":13,"minecraft:gravel":10,"minecraft:porkchop":12,"minecraft:diorite":2,"minecraft:redstone":150,"minecraft:spider_eye":1,"minecraft:rotten_flesh":8,"minecraft:arrow":6,"minecraft:diamond":9,"minecraft:armadillo_scute":1,"minecraft:oak_sapling":1,"minecraft:bone_block":10,"minecraft:mutton":9,"minecraft:coal":94,"minecraft:white_wool":6,"minecraft:cobblestone":106},"minecraft:dropped":{"minecraft:gravel":10,"minecraft:iron_ingot":9,"minecraft:wheat_seeds":2,"minecraft:oak_log":4,"minecraft:cobbled_deepslate":10,"minecraft:tuff":70,"minecraft:cooked_porkchop":8,"minecraft:cobblestone":73,"minecraft:stick":2,"minecraft:gunpowder":1,"minecraft:diorite":2,"minecraft:spider_eye":1,"minecraft:armadillo_scute":1,"minecraft:wooden_pickaxe":1,"minecraft:string":2,"minecraft:acacia_planks":1}},"DataVersion":3953}