{"stats":{"minecraft:custom":{"minecraft:interact_with_furnace":6,"minecraft:mob_kills":10,"minecraft:interact_with_crafting_table":13,"minecraft:leave_game":1,"minecraft:time_since_death":3595,"minecraft:time_since_rest":3618,"minecraft:sprint_one_cm":106924,"minecraft:damage_taken":905,"minecraft:walk_one_cm":131562,"minecraft:drop":4,"minecraft:damage_dealt":2326,"minecraft:swim_one_cm":41683,"minecraft:fly_one_cm":147084,"minecraft:crouch_one_cm":520,"minecraft:play_time":47144,"minecraft:deaths":3,"minecraft:sneak_time":255,"minecraft:walk_under_water_one_cm":8629,"minecraft:boat_one_cm":17010,"minecraft:jump":717,"minecraft:walk_on_water_one_cm":5696,"minecraft:total_world_time":47144,"minecraft:fall_one_cm":22123},"minecraft:mined":{"minecraft:acacia_leaves":9,"minecraft:acacia_log":1,"minecraft:grass_block":3,"minecraft:poppy":1,"minecraft:tall_grass":8,"minecraft:copper_ore":2,"minecraft:furnace":1,"minecraft:birch_log":2,"minecraft:iron_ore":7,"minecraft:grass":9,"minecraft:oak_log":6,"minecraft:coal_ore":2,"cobblemon:white_mint":3,"minecraft:dirt":3,"minecraft:stone":12,"cobblemon:water_stone_ore":1},"minecraft:killed_by":{"minecraft:skeleton":1},"minecraft:used":{"minecraft:rabbit":3,"minecraft:stone_pickaxe":32,"minecraft:wooden_pickaxe":11,"minecraft:birch_boat":1,"minecraft:rotten_flesh":3,"minecraft:dirt":3,"minecraft:crafting_table":3,"minecraft:acacia_sapling":1,"minecraft:wooden_sword":38,"minecraft:furnace":1,"minecraft:porkchop":2},"minecraft:crafted":{"minecraft:red_dye":1,"minecraft:wooden_sword":1,"minecraft:oak_planks":24,"minecraft:crafting_table":3,"minecraft:wooden_pickaxe":1,"minecraft:birch_boat":1,"minecraft:furnace":1,"minecraft:copper_ingot":8,"minecraft:birch_planks":8,"cobblemon:serious_mint":1,"minecraft:stick":8,"minecraft:iron_ingot":5,"minecraft:stone_pickaxe":1,"minecraft:wooden_axe":1,"minecraft:acacia_planks":4},"minecraft:killed":{"cobblemon:pokemon":3,"minecraft:spider":3,"minecraft:creeper":1,"minecraft:skeleton":2,"minecraft:zombie":1},"minecraft:picked_up":{"minecraft:birch_log":2,"minecraft:air":0,"minecraft:flint":1,"minecraft:oak_log":6,"minecraft:string":4,"minecraft:dirt":3,"minecraft:raw_copper":10,"cobblemon:white_mint_leaf":6,"minecraft:bone":4,"minecraft:wheat_seeds":7,"minecraft:rabbit_hide":2,"minecraft:poppy":1,"minecraft:rabbit":3,"minecraft:acacia_sapling":2,"minecraft:furnace":1,"minecraft:raw_iron":7,"minecraft:birch_boat":1,"minecraft:acacia_log":1,"minecraft:porkchop":2,"cobblemon:white_mint_seeds":3,"minecraft:spider_eye":3,"minecraft:arrow":3,"minecraft:rotten_flesh":5,"cobblemon:water_stone":1,"minecraft:coal":2,"minecraft:cobblestone":12},"minecraft:dropped":{"minecraft:wheat_seeds":1,"cobblemon:white_mint_leaf":1,"minecraft:spider_eye":2}},"DataVersion":3465}