{"stats":{"minecraft:mined":{"minecraft:short_grass":2,"minecraft:oak_log":6,"minecraft:oak_leaves":1},"minecraft:custom":{"minecraft:jump":95,"minecraft:time_since_rest":5032,"minecraft:leave_game":1,"minecraft:damage_taken":80,"minecraft:sprint_one_cm":10445,"minecraft:play_time":5032,"minecraft:walk_on_water_one_cm":5738,"minecraft:time_since_death":5032,"minecraft:walk_one_cm":4743,"minecraft:total_world_time":5032,"minecraft:walk_under_water_one_cm":3404,"minecraft:swim_one_cm":3553,"minecraft:fall_one_cm":3178,"minecraft:fly_one_cm":22930},"minecraft:picked_up":{"minecraft:oak_log":6}},"DataVersion":3953}