{
  "uuid": "0bb87d95-b0bd-3055-a0f0-a45400768d0e",
  "starterPrompted": true,
  "starterLocked": false,
  "starterSelected": true,
  "starterUUID": "9f6d4b99-46f5-4f78-b336-73725349f53d",
  "keyItems": [],
  "battleTheme": "cobblemon:battle.pvp.default",
  "extraData": {},
  "advancementData": {
    "totalCaptureCount": 0,
    "totalEggsHatched": 0,
    "totalEvolvedCount": 0,
    "totalBattleVictoryCount": 5,
    "totalPvPBattleVictoryCount": 0,
    "totalPvWBattleVictoryCount": 5,
    "totalPvNBattleVictoryCount": 0,
    "totalShinyCaptureCount": 0,
    "totalTradedCount": 0,
    "totalTypeCaptureCounts": {},
    "totalDefeatedCounts": {
      "cobblemon:shinx": 1,
      "cobblemon:mareep": 1,
      "cobblemon:ekans": 1,
      "cobblemon:joltik": 1,
      "cobblemon:nidoranf": 1
    },
    "aspectsCollected": {}
  }
}